date,humidity,co2_emission,energy_consumption,urban_population,energy_price,month,dayofweek
2020-01-01,31.08,212.63,11348.75,76.39,83.93,1,2
2020-01-02,37.94,606.05,4166.64,86.26,110.4,1,3
2020-01-03,57.67,268.72,4503.8,75.92,173.58,1,4
2020-01-04,51.34,167.32,3259.13,63.15,89.13,1,5
2020-01-05,65.38,393.89,7023.72,76.02,40.6,1,6
2020-01-06,32.92,644.48,11955.99,78.71,128.62,1,0
2020-01-07,59.4,259.19,4023.14,75.15,96.99,1,1
2020-01-08,55.12,76.08,5582.5,65.77,70.62,1,2
2020-01-09,88.36,122.54,7129.83,81.62,62.45,1,3
2020-01-10,31.19,253.33,4006.5,85.8,32.5,1,4
2020-01-11,89.33,245.71,1826.43,61.75,182.8,1,5
2020-01-12,48.71,704.67,11142.89,88.69,98.55,1,6
2020-01-13,69.36,673.64,4082.0,78.04,64.2,1,0
2020-01-14,67.07,98.61,6209.55,61.31,169.26,1,1
2020-01-15,33.99,522.04,9372.75,79.02,161.27,1,2
2020-01-16,88.14,567.84,4222.41,89.61,36.74,1,3
2020-01-17,87.99,497.18,7873.18,87.89,162.55,1,4
2020-01-18,30.67,392.93,6818.65,86.08,118.72,1,5
2020-01-19,41.36,201.45,11325.05,77.92,34.67,1,6
2020-01-20,67.17,639.19,3711.64,70.4,84.28,1,0
2020-01-21,73.81,462.57,6296.38,72.98,95.39,1,1
2020-01-22,60.46,396.19,1701.11,88.92,144.6,1,2
2020-01-23,43.33,234.18,9347.77,70.04,89.69,1,3
2020-01-24,49.9,509.11,9811.14,81.17,129.29,1,4
2020-01-25,35.25,589.62,3840.67,62.59,119.29,1,5
2020-01-26,57.38,297.26,9874.91,67.38,91.84,1,6
2020-01-27,61.48,95.92,9560.11,71.33,193.54,1,0
2020-01-28,78.86,699.09,3613.73,73.74,195.12,1,1
2020-01-29,69.43,400.47,8347.11,69.61,52.34,1,2
2020-01-30,73.36,603.23,8650.0,71.27,175.57,1,3
2020-01-31,72.51,507.57,7990.14,62.93,192.98,1,4
2020-02-01,78.87,871.14,6768.59,63.06,49.45,2,5
2020-02-02,34.06,808.92,1902.59,62.95,154.68,2,6
2020-02-03,78.53,861.99,11751.94,80.81,70.29,2,0
2020-02-04,57.18,576.56,9731.73,85.75,166.09,2,1
2020-02-05,42.64,903.97,8058.8,84.89,164.51,2,2
2020-02-06,59.6,472.5,4744.98,79.24,169.1,2,3
2020-02-07,66.09,449.06,14916.15,63.26,64.82,2,4
2020-02-08,66.09,867.34,6204.52,85.23,181.33,2,5
2020-02-09,55.14,468.12,4047.52,63.48,145.43,2,6
2020-02-10,78.29,227.1,12767.87,88.96,163.44,2,0
2020-02-11,63.17,518.97,1885.76,86.02,191.62,2,1
2020-02-12,56.37,875.79,2722.01,63.86,170.22,2,2
2020-02-13,67.02,200.46,5040.88,87.12,155.26,2,3
2020-02-14,55.78,160.14,13015.97,79.43,35.83,2,4
2020-02-15,40.64,503.84,5868.49,78.31,170.47,2,5
2020-02-16,50.62,658.6,14358.32,66.24,78.34,2,6
2020-02-17,75.74,780.7,9986.24,79.65,129.35,2,0
2020-02-18,31.75,178.62,13826.53,77.32,113.0,2,1
2020-02-19,30.11,917.78,10015.62,70.66,104.05,2,2
2020-02-20,53.95,489.73,2441.82,67.85,122.18,2,3
2020-02-21,62.53,127.66,8172.66,60.47,130.16,2,4
2020-02-22,86.16,592.33,7681.87,87.69,145.68,2,5
2020-02-23,51.2,401.54,4540.99,79.52,178.28,2,6
2020-02-24,54.15,240.51,11762.45,71.03,58.23,2,0
2020-02-25,87.25,385.56,7062.98,67.9,34.68,2,1
2020-02-26,68.79,621.2,5163.89,71.28,143.32,2,2
2020-02-27,64.2,178.15,6404.09,83.26,188.75,2,3
2020-02-28,61.78,279.23,2963.86,65.98,147.63,2,4
2020-02-29,69.48,646.75,4051.86,69.25,103.12,2,5
2020-03-01,34.45,888.03,9650.48,75.49,83.33,3,6
2020-03-02,39.65,315.96,13218.7,79.89,197.19,3,0
2020-03-03,35.18,637.86,2316.9,64.04,43.05,3,1
2020-03-04,30.42,144.51,9996.32,85.21,172.12,3,2
2020-03-05,55.14,747.17,10260.59,86.78,104.7,3,3
2020-03-06,40.32,416.19,10353.21,75.65,52.68,3,4
2020-03-07,49.53,721.12,8308.2,75.09,153.71,3,5
2020-03-08,67.13,774.33,11465.36,64.1,80.04,3,6
2020-03-09,83.73,446.01,15571.63,86.65,121.42,3,0
2020-03-10,74.11,574.01,4955.51,78.41,141.24,3,1
2020-03-11,88.64,243.01,2751.45,76.24,147.1,3,2
2020-03-12,51.92,494.73,7228.56,65.42,146.31,3,3
2020-03-13,79.21,949.29,12036.99,65.11,182.99,3,4
2020-03-14,60.17,567.37,12281.41,80.37,35.18,3,5
2020-03-15,42.23,334.64,4359.44,69.77,46.99,3,6
2020-03-16,81.57,760.32,4861.72,89.64,164.04,3,0
2020-03-17,39.63,142.23,12535.68,74.91,159.31,3,1
2020-03-18,38.48,467.74,7480.99,73.13,128.35,3,2
2020-03-19,33.37,827.2,5589.76,65.91,67.23,3,3
2020-03-20,64.04,364.34,8328.66,80.83,151.14,3,4
2020-03-21,35.71,420.74,6960.68,81.78,76.56,3,5
2020-03-22,63.71,406.49,3946.71,83.14,129.39,3,6
2020-03-23,68.3,421.82,15006.93,67.31,66.82,3,0
2020-03-24,54.62,709.6,3539.39,80.46,33.0,3,1
2020-03-25,82.4,167.86,8123.51,68.78,98.06,3,2
2020-03-26,56.09,624.86,15073.69,82.57,180.01,3,3
2020-03-27,32.67,191.14,11786.22,66.66,172.18,3,4
2020-03-28,80.75,565.13,15691.26,89.27,84.17,3,5
2020-03-29,74.5,870.17,5216.4,82.32,36.9,3,6
2020-03-30,34.03,929.22,8387.79,62.97,112.65,3,0
2020-03-31,33.74,392.91,10830.5,74.77,191.5,3,1
2020-04-01,38.84,844.31,12801.03,89.84,81.1,4,2
2020-04-02,59.74,811.97,2609.17,67.05,56.85,4,3
2020-04-03,83.53,853.51,14774.63,65.42,182.0,4,4
2020-04-04,41.42,669.35,7512.42,85.77,153.28,4,5
2020-04-05,38.21,587.88,6239.39,79.56,187.81,4,6
2020-04-06,84.03,536.93,4072.95,69.13,61.6,4,0
2020-04-07,46.32,243.12,6912.38,67.34,51.37,4,1
2020-04-08,54.49,114.33,2591.17,89.76,119.18,4,2
2020-04-09,86.63,496.91,10326.94,87.38,37.65,4,3
2020-04-10,47.38,866.26,10926.18,72.14,91.72,4,4
2020-04-11,39.95,253.83,4837.06,87.65,162.57,4,5
2020-04-12,50.37,875.42,8768.07,63.43,144.82,4,6
2020-04-13,41.13,370.64,3072.27,74.37,94.49,4,0
2020-04-14,34.17,448.53,11583.32,65.67,76.57,4,1
2020-04-15,79.93,395.37,12815.56,81.7,185.34,4,2
2020-04-16,50.87,640.08,8392.22,88.62,118.59,4,3
2020-04-17,88.37,453.96,8127.43,63.18,147.91,4,4
2020-04-18,51.38,640.47,3818.58,68.86,64.38,4,5
2020-04-19,89.28,253.68,13707.73,69.21,36.38,4,6
2020-04-20,77.4,270.0,9957.17,65.98,153.42,4,0
2020-04-21,78.23,863.68,2607.31,78.1,78.34,4,1
2020-04-22,68.49,928.03,3865.88,75.36,148.63,4,2
2020-04-23,55.63,707.68,8992.8,67.14,183.03,4,3
2020-04-24,88.6,287.1,9757.31,83.69,52.83,4,4
2020-04-25,30.27,380.25,14736.76,85.75,68.24,4,5
2020-04-26,46.67,112.22,6273.14,77.56,57.96,4,6
2020-04-27,72.38,816.61,11776.65,61.45,70.26,4,0
2020-04-28,79.4,635.93,10146.96,60.08,61.23,4,1
2020-04-29,39.71,638.66,2070.97,77.52,33.98,4,2
2020-04-30,59.28,344.56,13951.34,65.24,41.83,4,3
2020-05-01,66.75,718.36,7046.64,87.74,125.1,5,4
2020-05-02,55.18,250.0,2007.23,61.48,184.55,5,5
2020-05-03,53.77,525.41,6975.73,80.78,175.16,5,6
2020-05-04,49.18,420.68,5823.43,64.97,84.68,5,0
2020-05-05,85.41,630.68,7845.34,86.11,194.29,5,1
2020-05-06,61.4,557.28,9173.75,64.84,108.31,5,2
2020-05-07,33.15,342.59,10677.15,79.7,129.32,5,3
2020-05-08,71.85,724.84,2400.48,76.21,86.16,5,4
2020-05-09,72.95,82.47,9895.94,64.05,59.0,5,5
2020-05-10,60.0,134.9,11709.31,86.16,176.58,5,6
2020-05-11,86.64,572.58,6653.57,65.43,123.98,5,0
2020-05-12,40.19,125.01,9110.29,63.28,154.69,5,1
2020-05-13,63.41,562.86,11604.27,81.31,51.47,5,2
2020-05-14,66.25,328.41,5537.23,65.45,45.64,5,3
2020-05-15,76.42,648.72,10570.35,79.32,176.95,5,4
2020-05-16,66.55,364.84,7329.68,66.76,86.41,5,5
2020-05-17,60.78,78.0,11343.06,63.14,199.4,5,6
2020-05-18,60.94,376.48,8890.9,61.68,101.91,5,0
2020-05-19,64.46,495.36,6513.41,76.82,196.53,5,1
2020-05-20,40.49,446.44,10459.63,63.29,49.71,5,2
2020-05-21,60.46,354.6,11357.31,79.52,197.94,5,3
2020-05-22,84.73,731.54,11854.58,73.59,138.13,5,4
2020-05-23,40.89,141.74,3413.72,76.5,139.71,5,5
2020-05-24,73.25,697.09,8551.78,63.39,199.55,5,6
2020-05-25,69.41,689.46,5261.78,85.92,32.69,5,0
2020-05-26,84.93,653.52,11569.43,89.22,138.51,5,1
2020-05-27,31.17,91.4,7099.38,68.2,137.04,5,2
2020-05-28,43.92,391.06,2315.93,64.04,105.46,5,3
2020-05-29,50.15,639.17,4800.02,69.08,132.23,5,4
2020-05-30,73.72,377.61,7873.45,65.46,58.88,5,5
2020-05-31,44.0,468.34,2404.31,78.68,71.07,5,6
2020-06-01,61.6,363.0,7972.31,67.57,150.52,6,0
2020-06-02,35.65,203.84,7699.57,86.74,112.28,6,1
2020-06-03,49.75,103.28,4553.09,71.53,177.08,6,2
2020-06-04,46.06,463.05,2030.2,85.59,108.74,6,3
2020-06-05,52.89,207.6,5606.99,68.18,153.47,6,4
2020-06-06,55.5,455.31,5524.97,62.69,105.27,6,5
2020-06-07,88.4,205.87,4021.86,86.95,198.93,6,6
2020-06-08,40.48,237.82,6983.04,82.95,81.93,6,0
2020-06-09,76.66,158.4,1144.24,63.18,193.31,6,1
2020-06-10,38.72,443.14,7217.81,82.6,36.84,6,2
2020-06-11,89.88,381.08,4409.47,76.19,69.6,6,3
2020-06-12,30.52,171.9,3434.64,81.54,77.57,6,4
2020-06-13,47.02,193.46,4137.3,86.78,170.54,6,5
2020-06-14,73.14,431.81,1119.81,88.68,88.59,6,6
2020-06-15,38.1,483.2,2586.44,86.14,37.61,6,0
2020-06-16,50.14,101.53,2669.79,76.75,42.18,6,1
2020-06-17,50.39,373.5,5160.04,81.45,47.09,6,2
2020-06-18,51.07,303.04,4893.53,83.59,167.19,6,3
2020-06-19,56.26,343.37,3635.36,62.22,142.16,6,4
2020-06-20,82.89,145.66,6257.81,70.35,45.42,6,5
2020-06-21,69.1,486.73,3082.68,79.3,33.92,6,6
2020-06-22,34.76,258.75,2769.41,81.22,98.82,6,0
2020-06-23,84.12,262.75,6056.62,61.49,99.28,6,1
2020-06-24,64.77,483.84,5863.36,69.64,198.84,6,2
2020-06-25,81.32,439.89,3004.11,76.35,198.87,6,3
2020-06-26,72.01,192.98,7596.09,62.15,118.64,6,4
2020-06-27,68.85,144.65,1435.12,88.2,71.05,6,5
2020-06-28,57.38,269.31,3883.77,63.49,153.8,6,6
2020-06-29,82.64,311.38,3532.14,79.63,62.84,6,0
2020-06-30,40.15,381.54,1797.56,86.68,42.76,6,1
2020-07-01,39.06,151.98,7488.33,65.05,146.97,7,2
2020-07-02,38.16,174.45,8905.51,78.85,139.13,7,3
2020-07-03,32.04,138.26,8331.26,67.92,91.78,7,4
2020-07-04,87.88,582.72,3860.32,84.15,171.0,7,5
2020-07-05,48.56,672.41,10603.85,81.1,65.91,7,6
2020-07-06,57.95,336.23,8146.81,62.11,108.85,7,0
2020-07-07,35.77,166.49,3194.58,79.13,125.61,7,1
2020-07-08,58.07,115.01,3986.62,69.25,123.18,7,2
2020-07-09,62.22,376.45,4443.37,60.07,150.05,7,3
2020-07-10,37.37,695.52,4048.21,73.25,60.17,7,4
2020-07-11,48.17,710.3,8648.81,67.12,184.9,7,5
2020-07-12,51.48,500.7,2054.0,88.7,197.6,7,6
2020-07-13,71.97,739.25,11359.69,63.87,182.74,7,0
2020-07-14,44.59,400.52,8971.14,63.82,55.92,7,1
2020-07-15,46.36,464.86,5888.6,62.95,39.99,7,2
2020-07-16,70.23,294.12,8010.85,85.15,194.58,7,3
2020-07-17,81.31,650.69,5048.88,67.81,166.23,7,4
2020-07-18,40.88,408.55,10994.53,62.16,72.62,7,5
2020-07-19,32.96,261.75,6372.81,77.31,124.3,7,6
2020-07-20,88.06,710.98,9719.91,60.1,107.5,7,0
2020-07-21,30.91,393.13,11903.36,88.4,136.41,7,1
2020-07-22,76.29,212.19,3898.14,83.73,83.19,7,2
2020-07-23,32.65,189.75,6794.98,71.6,73.37,7,3
2020-07-24,67.7,243.5,4425.56,76.15,94.86,7,4
2020-07-25,57.42,646.24,6483.69,85.81,75.68,7,5
2020-07-26,89.38,591.24,6099.77,78.58,89.6,7,6
2020-07-27,56.72,447.86,3742.38,65.1,163.53,7,0
2020-07-28,63.85,661.69,5021.52,66.22,196.78,7,1
2020-07-29,62.11,181.7,4235.78,62.38,61.14,7,2
2020-07-30,85.09,116.76,7965.03,76.01,41.73,7,3
2020-07-31,35.17,690.17,11734.93,78.77,82.44,7,4
2020-08-01,86.18,546.81,11436.14,77.26,170.96,8,5
2020-08-02,59.22,417.95,12391.27,79.11,195.74,8,6
2020-08-03,82.09,366.42,13859.64,65.43,131.27,8,0
2020-08-04,81.33,692.23,5558.87,80.07,35.24,8,1
2020-08-05,75.69,526.81,11886.5,83.68,168.91,8,2
2020-08-06,76.18,915.0,3403.6,77.19,65.56,8,3
2020-08-07,60.08,675.63,14229.94,83.39,190.61,8,4
2020-08-08,86.33,316.94,5151.71,88.49,123.99,8,5
2020-08-09,71.68,667.27,8507.14,77.98,58.49,8,6
2020-08-10,66.18,246.52,13902.23,65.55,151.31,8,0
2020-08-11,31.45,306.31,7658.84,72.94,199.59,8,1
2020-08-12,57.13,843.15,4568.45,67.28,155.92,8,2
2020-08-13,86.45,545.33,13776.9,64.52,38.06,8,3
2020-08-14,85.37,222.41,9185.31,75.05,164.9,8,4
2020-08-15,71.84,852.22,1971.73,88.18,100.62,8,5
2020-08-16,51.81,784.58,9575.8,89.96,83.31,8,6
2020-08-17,33.95,664.57,1906.97,60.9,130.14,8,0
2020-08-18,59.39,238.42,11989.8,67.61,164.13,8,1
2020-08-19,81.26,595.35,3949.55,75.72,167.92,8,2
2020-08-20,35.23,611.89,11541.46,64.01,166.95,8,3
2020-08-21,73.47,383.88,3180.48,87.13,156.0,8,4
2020-08-22,48.34,856.99,3533.97,66.55,76.47,8,5
2020-08-23,47.62,312.98,10171.59,64.71,159.76,8,6
2020-08-24,63.37,190.83,14329.94,87.91,42.92,8,0
2020-08-25,54.75,382.19,6455.85,87.08,64.41,8,1
2020-08-26,71.04,612.63,5653.06,61.8,191.62,8,2
2020-08-27,44.56,694.19,11520.01,76.55,181.25,8,3
2020-08-28,79.63,928.04,11984.92,82.21,68.57,8,4
2020-08-29,36.44,780.57,7791.87,86.15,55.91,8,5
2020-08-30,78.65,215.63,14277.73,78.71,141.89,8,6
2020-08-31,84.76,871.37,14366.92,67.16,120.97,8,0
2020-09-01,36.62,567.1,12519.96,79.29,174.59,9,1
2020-09-02,70.07,246.08,11745.15,73.06,154.35,9,2
2020-09-03,59.14,550.37,6718.01,60.48,72.74,9,3
2020-09-04,56.97,568.45,7772.36,81.44,119.8,9,4
2020-09-05,89.89,891.64,4470.31,72.27,198.79,9,5
2020-09-06,45.94,621.95,8173.2,82.41,184.93,9,6
2020-09-07,68.39,931.09,5673.48,63.02,186.67,9,0
2020-09-08,78.37,679.6,2815.81,87.28,190.62,9,1
2020-09-09,62.51,262.63,9251.89,89.32,125.59,9,2
2020-09-10,50.77,379.41,15515.51,73.98,165.59,9,3
2020-09-11,53.83,242.57,14680.7,64.04,124.76,9,4
2020-09-12,40.48,443.8,2718.22,64.4,51.16,9,5
2020-09-13,57.36,936.55,9595.92,73.42,144.55,9,6
2020-09-14,34.71,219.69,9976.69,74.49,52.94,9,0
2020-09-15,62.36,342.8,11197.45,61.78,138.28,9,1
2020-09-16,69.03,876.93,8007.92,75.15,180.12,9,2
2020-09-17,34.19,958.86,14225.42,88.29,44.52,9,3
2020-09-18,83.49,870.45,15023.82,67.42,161.71,9,4
2020-09-19,67.77,194.39,5445.18,61.08,34.14,9,5
2020-09-20,75.98,636.32,13957.64,83.97,124.07,9,6
2020-09-21,61.34,108.68,5608.76,72.47,197.85,9,0
2020-09-22,80.56,573.06,2996.48,74.4,157.42,9,1
2020-09-23,62.51,214.29,8349.1,62.89,176.31,9,2
2020-09-24,44.89,770.56,11824.47,79.61,115.43,9,3
2020-09-25,61.67,188.27,15523.98,72.05,152.54,9,4
2020-09-26,80.45,692.96,8370.94,86.56,167.5,9,5
2020-09-27,54.61,430.04,15764.09,63.22,79.69,9,6
2020-09-28,66.7,159.18,3950.48,78.46,35.16,9,0
2020-09-29,38.8,423.37,12546.33,70.78,174.91,9,1
2020-09-30,56.36,700.13,14080.44,66.58,33.89,9,2
2020-10-01,42.23,827.5,3111.61,83.66,80.3,10,3
2020-10-02,43.5,353.18,7400.44,81.01,72.02,10,4
2020-10-03,84.47,129.74,5932.48,69.25,39.39,10,5
2020-10-04,72.08,231.62,6910.51,75.32,107.64,10,6
2020-10-05,77.61,715.52,4968.65,82.01,141.45,10,0
2020-10-06,33.65,331.15,13392.51,79.54,46.97,10,1
2020-10-07,82.85,760.71,6049.31,60.83,45.96,10,2
2020-10-08,47.4,829.52,4574.71,70.59,39.56,10,3
2020-10-09,42.6,633.65,10400.17,86.52,108.41,10,4
2020-10-10,67.0,256.39,10423.71,82.27,48.66,10,5
2020-10-11,34.5,719.06,13197.73,79.88,142.45,10,6
2020-10-12,76.9,202.33,5214.97,60.75,182.47,10,0
2020-10-13,79.8,366.71,11207.91,87.92,172.14,10,1
2020-10-14,39.74,397.6,8842.28,87.78,68.68,10,2
2020-10-15,32.25,573.6,7717.68,78.87,195.27,10,3
2020-10-16,48.19,491.42,3331.27,82.37,180.81,10,4
2020-10-17,62.06,382.01,14255.2,85.88,49.53,10,5
2020-10-18,40.11,743.08,13758.84,60.62,107.05,10,6
2020-10-19,45.23,887.38,6188.91,75.31,68.74,10,0
2020-10-20,85.32,858.38,11941.14,76.66,183.93,10,1
2020-10-21,82.05,323.81,12915.28,77.07,79.34,10,2
2020-10-22,47.88,764.26,9164.78,84.69,133.26,10,3
2020-10-23,88.2,113.0,3872.01,77.46,114.95,10,4
2020-10-24,32.06,733.28,14335.66,68.01,126.43,10,5
2020-10-25,63.34,166.68,4721.1,79.69,48.12,10,6
2020-10-26,41.53,628.26,10805.98,65.93,51.91,10,0
2020-10-27,48.78,445.72,8438.18,68.09,183.88,10,1
2020-10-28,70.23,575.94,13549.29,88.41,170.11,10,2
2020-10-29,51.72,295.21,11105.02,69.03,144.88,10,3
2020-10-30,82.28,365.91,10825.87,61.05,71.72,10,4
2020-10-31,56.42,665.51,10395.46,83.72,132.34,10,5
2020-11-01,58.51,652.63,2939.11,86.63,83.21,11,6
2020-11-02,55.91,723.71,7099.26,67.82,88.86,11,0
2020-11-03,89.9,707.0,2090.65,75.97,57.49,11,1
2020-11-04,52.94,357.55,11288.06,84.06,51.56,11,2
2020-11-05,44.18,129.58,6457.98,87.22,176.56,11,3
2020-11-06,64.04,256.72,7887.7,71.95,112.92,11,4
2020-11-07,61.41,191.32,9675.67,83.44,34.64,11,5
2020-11-08,63.61,716.91,5236.12,60.02,152.62,11,6
2020-11-09,40.99,655.28,8539.2,70.51,123.32,11,0
2020-11-10,40.5,645.65,10682.46,84.3,114.6,11,1
2020-11-11,66.99,122.72,4941.75,79.31,56.67,11,2
2020-11-12,32.7,178.92,9488.64,71.43,66.99,11,3
2020-11-13,79.32,182.45,8834.1,82.78,50.42,11,4
2020-11-14,78.06,304.16,10265.72,72.76,66.37,11,5
2020-11-15,31.67,423.21,10549.12,61.17,57.39,11,6
2020-11-16,31.9,238.03,9511.86,84.54,43.49,11,0
2020-11-17,78.58,714.97,2494.59,73.64,50.66,11,1
2020-11-18,74.54,194.32,1539.76,82.31,179.5,11,2
2020-11-19,39.13,398.84,3733.56,66.12,90.59,11,3
2020-11-20,64.74,559.52,3603.43,77.55,98.82,11,4
2020-11-21,52.04,230.39,3738.37,84.23,36.1,11,5
2020-11-22,34.14,704.31,8364.22,67.16,140.73,11,6
2020-11-23,72.74,126.55,9895.34,74.04,196.1,11,0
2020-11-24,67.72,270.64,7429.25,73.08,73.53,11,1
2020-11-25,40.28,255.91,10087.22,60.09,59.99,11,2
2020-11-26,77.46,78.3,4434.1,61.21,121.4,11,3
2020-11-27,67.5,719.09,7613.61,65.99,182.69,11,4
2020-11-28,44.33,543.77,11422.89,76.47,43.47,11,5
2020-11-29,65.08,731.15,6057.12,83.45,154.08,11,6
2020-11-30,65.36,338.48,10034.03,83.58,54.74,11,0
2020-12-01,45.94,59.29,1302.27,75.92,32.17,12,1
2020-12-02,48.13,447.55,1179.67,62.46,100.14,12,2
2020-12-03,50.87,273.31,5744.71,74.16,135.97,12,3
2020-12-04,56.43,224.02,1482.56,88.92,158.57,12,4
2020-12-05,49.3,297.37,4308.12,86.12,128.08,12,5
2020-12-06,34.95,469.31,6726.67,69.59,128.69,12,6
2020-12-07,51.02,467.2,7093.71,65.56,37.26,12,0
2020-12-08,86.31,384.82,7753.53,86.09,113.03,12,1
2020-12-09,75.9,333.22,2518.94,76.22,174.72,12,2
2020-12-10,45.74,464.54,1923.15,74.54,178.58,12,3
2020-12-11,63.61,372.72,2338.84,72.2,131.77,12,4
2020-12-12,43.24,113.22,1234.72,72.77,81.05,12,5
2020-12-13,62.15,59.42,3627.5,69.13,199.31,12,6
2020-12-14,54.1,378.52,6482.46,83.94,175.58,12,0
2020-12-15,82.32,135.07,1278.58,73.44,125.16,12,1
2020-12-16,44.12,144.96,5097.43,89.45,146.74,12,2
2020-12-17,52.52,174.35,6731.0,87.67,104.02,12,3
2020-12-18,53.74,83.71,7981.74,80.8,90.35,12,4
2020-12-19,72.14,424.77,7168.81,87.86,119.29,12,5
2020-12-20,54.02,130.4,2885.81,82.94,78.71,12,6
2020-12-21,72.05,382.84,5072.47,72.88,145.76,12,0
2020-12-22,89.65,161.6,3973.89,84.13,168.09,12,1
2020-12-23,49.27,439.68,5772.57,79.93,36.63,12,2
2020-12-24,60.58,226.2,4812.26,72.9,183.04,12,3
2020-12-25,45.02,433.4,1283.51,84.02,166.63,12,4
2020-12-26,70.71,455.14,6118.55,63.79,197.54,12,5
2020-12-27,60.34,292.03,3938.15,83.46,116.81,12,6
2020-12-28,65.61,134.77,5465.0,61.33,180.01,12,0
2020-12-29,47.68,63.81,4410.38,78.73,36.2,12,1
2020-12-30,32.35,317.81,5056.3,63.19,102.89,12,2
2020-12-31,51.25,361.03,3026.14,73.32,35.49,12,3
2021-01-01,34.34,513.6,2400.47,66.68,170.62,1,4
2021-01-02,66.3,532.07,7729.16,73.31,187.28,1,5
2021-01-03,64.57,521.88,8879.42,68.44,59.51,1,6
2021-01-04,73.32,371.03,11843.81,76.4,170.72,1,0
2021-01-05,44.4,622.25,2084.17,88.71,127.21,1,1
2021-01-06,32.72,371.26,11711.55,68.97,183.9,1,2
2021-01-07,84.46,391.72,11420.04,75.49,64.07,1,3
2021-01-08,78.69,159.31,10049.12,72.11,192.16,1,4
2021-01-09,40.01,357.8,10519.81,89.8,111.73,1,5
2021-01-10,88.62,509.08,10396.12,64.5,199.33,1,6
2021-01-11,82.75,567.1,2404.01,67.89,87.37,1,0
2021-01-12,43.28,395.91,7126.34,86.63,118.13,1,1
2021-01-13,41.1,348.31,8918.03,65.2,87.61,1,2
2021-01-14,72.5,348.53,5238.31,76.49,36.46,1,3
2021-01-15,73.67,553.74,6991.24,89.84,169.76,1,4
2021-01-16,54.72,430.21,5248.94,75.22,101.87,1,5
2021-01-17,40.9,692.54,6182.17,75.12,123.19,1,6
2021-01-18,82.17,312.75,9002.16,78.59,66.05,1,0
2021-01-19,57.46,738.14,8479.59,86.52,63.98,1,1
2021-01-20,57.41,738.02,8950.43,84.76,129.53,1,2
2021-01-21,84.67,273.98,4153.4,80.58,166.85,1,3
2021-01-22,73.34,170.09,1692.75,86.03,102.47,1,4
2021-01-23,55.88,519.71,7381.63,75.99,110.16,1,5
2021-01-24,83.52,307.42,8384.97,71.96,71.76,1,6
2021-01-25,84.56,435.5,5925.78,88.26,131.6,1,0
2021-01-26,76.11,641.41,5529.68,73.25,64.57,1,1
2021-01-27,77.67,172.17,7081.63,68.99,48.25,1,2
2021-01-28,70.31,743.91,2872.72,71.85,82.0,1,3
2021-01-29,68.03,585.85,3074.38,84.88,121.62,1,4
2021-01-30,30.22,135.17,7055.66,72.99,119.21,1,5
2021-01-31,57.24,389.12,2588.71,89.94,159.09,1,6
2021-02-01,56.17,400.87,10407.64,70.81,168.65,2,0
2021-02-02,38.29,628.97,14901.11,85.21,181.15,2,1
2021-02-03,68.03,112.84,8256.61,85.65,176.27,2,2
2021-02-04,56.85,100.92,3672.32,75.86,52.99,2,3
2021-02-05,34.68,929.85,8396.51,88.11,46.02,2,4
2021-02-06,58.97,631.48,5835.92,70.57,111.98,2,5
2021-02-07,46.82,572.4,9605.63,84.14,179.71,2,6
2021-02-08,35.82,327.75,3816.42,70.38,119.02,2,0
2021-02-09,69.24,326.1,14609.56,66.22,187.58,2,1
2021-02-10,53.19,449.48,4586.04,86.56,175.94,2,2
2021-02-11,82.95,418.57,2630.31,81.4,183.38,2,3
2021-02-12,30.69,690.0,7573.58,63.43,193.68,2,4
2021-02-13,77.16,623.29,14343.85,62.53,66.14,2,5
2021-02-14,81.35,347.89,7480.3,62.97,128.66,2,6
2021-02-15,49.72,539.44,13240.73,78.8,141.56,2,0
2021-02-16,52.52,556.01,7402.32,60.45,149.72,2,1
2021-02-17,65.3,532.71,3699.78,86.42,110.35,2,2
2021-02-18,88.89,846.6,3045.81,76.35,83.83,2,3
2021-02-19,47.87,628.21,8369.12,62.14,87.36,2,4
2021-02-20,51.23,825.3,13264.12,74.87,181.19,2,5
2021-02-21,72.32,780.03,13841.22,64.42,140.84,2,6
2021-02-22,38.09,497.17,10626.34,62.84,128.77,2,0
2021-02-23,84.1,772.45,13807.99,77.37,169.45,2,1
2021-02-24,89.68,124.78,7038.33,83.01,111.81,2,2
2021-02-25,46.35,611.14,14195.6,76.64,142.1,2,3
2021-02-26,67.94,232.41,6988.44,88.07,176.26,2,4
2021-02-27,42.81,572.15,3476.33,64.14,41.11,2,5
2021-02-28,34.68,94.8,7043.07,73.81,178.81,2,6
2021-03-01,87.46,274.52,11606.6,75.4,155.61,3,0
2021-03-02,34.18,976.94,8545.78,64.92,195.62,3,1
2021-03-03,81.8,172.55,15276.45,60.52,181.74,3,2
2021-03-04,56.45,330.9,12376.27,66.86,76.13,3,3
2021-03-05,81.74,793.79,6488.89,80.51,67.78,3,4
2021-03-06,76.43,597.29,4935.83,79.21,93.42,3,5
2021-03-07,33.2,306.69,13383.47,88.76,163.93,3,6
2021-03-08,81.17,804.57,15220.85,80.2,74.15,3,0
2021-03-09,67.27,865.16,15407.95,78.36,138.95,3,1
2021-03-10,53.5,535.17,13091.81,76.85,180.41,3,2
2021-03-11,33.42,228.86,8400.08,73.2,106.09,3,3
2021-03-12,44.95,834.01,5589.06,81.96,69.18,3,4
2021-03-13,43.8,831.3,15364.22,81.21,186.85,3,5
2021-03-14,37.09,355.34,10109.91,61.85,109.52,3,6
2021-03-15,51.77,670.3,9690.46,88.12,41.68,3,0
2021-03-16,37.76,934.18,5006.91,81.12,50.25,3,1
2021-03-17,36.62,236.99,5994.9,86.93,113.87,3,2
2021-03-18,35.87,280.99,3824.62,64.28,102.71,3,3
2021-03-19,60.04,953.4,5219.77,76.02,105.5,3,4
2021-03-20,59.03,829.01,8181.49,89.98,133.65,3,5
2021-03-21,85.12,666.71,2323.64,63.65,193.28,3,6
2021-03-22,51.58,325.79,7736.42,85.43,132.76,3,0
2021-03-23,85.03,972.54,11440.98,75.7,190.53,3,1
2021-03-24,53.21,707.69,2409.32,76.42,32.2,3,2
2021-03-25,78.83,988.99,4628.03,68.05,52.77,3,3
2021-03-26,46.78,711.74,8919.36,62.9,130.39,3,4
2021-03-27,33.42,113.68,15594.0,85.59,158.34,3,5
2021-03-28,47.9,992.55,11456.51,68.82,189.76,3,6
2021-03-29,78.12,942.03,2509.83,61.35,43.09,3,0
2021-03-30,56.96,279.53,8062.58,65.23,70.52,3,1
2021-03-31,57.8,114.91,8897.1,60.78,137.51,3,2
2021-04-01,70.31,497.28,10198.03,75.94,154.98,4,3
2021-04-02,81.15,381.75,6206.54,81.56,190.45,4,4
2021-04-03,79.87,597.18,5013.93,76.86,45.54,4,5
2021-04-04,61.7,906.67,2698.52,76.64,67.93,4,6
2021-04-05,74.58,844.09,8185.52,66.33,50.71,4,0
2021-04-06,84.96,531.75,2105.73,66.72,122.32,4,1
2021-04-07,61.93,923.28,3276.75,89.49,105.9,4,2
2021-04-08,83.16,289.64,11309.69,68.31,158.73,4,3
2021-04-09,88.77,158.84,12110.2,70.59,96.0,4,4
2021-04-10,43.49,349.27,8094.86,71.57,134.51,4,5
2021-04-11,60.51,362.28,14762.47,74.88,33.93,4,6
2021-04-12,33.17,523.7,10722.17,61.86,32.5,4,0
2021-04-13,62.7,866.88,13595.78,61.99,56.13,4,1
2021-04-14,70.53,482.3,9461.69,83.84,85.88,4,2
2021-04-15,30.99,762.41,6229.09,75.19,109.05,4,3
2021-04-16,36.33,887.0,11866.35,82.94,88.29,4,4
2021-04-17,30.64,673.27,5854.46,86.14,193.27,4,5
2021-04-18,77.07,197.08,8077.25,85.56,173.05,4,6
2021-04-19,57.59,315.73,8995.03,87.37,88.5,4,0
2021-04-20,37.64,580.34,4445.88,64.39,181.59,4,1
2021-04-21,79.22,886.47,6041.21,63.32,95.41,4,2
2021-04-22,81.45,465.84,10732.23,77.65,150.08,4,3
2021-04-23,35.34,418.48,3110.31,60.63,105.1,4,4
2021-04-24,65.97,262.33,2773.55,85.71,190.54,4,5
2021-04-25,54.91,438.91,4638.35,74.04,160.22,4,6
2021-04-26,39.31,796.28,9671.07,82.07,168.26,4,0
2021-04-27,74.78,664.94,6686.63,70.74,33.77,4,1
2021-04-28,82.82,882.63,2763.73,60.67,175.39,4,2
2021-04-29,43.78,479.08,10064.01,81.34,118.34,4,3
2021-04-30,63.46,95.57,12856.72,62.53,73.4,4,4
2021-05-01,37.35,505.16,9009.67,84.37,106.43,5,5
2021-05-02,67.03,354.19,2153.0,64.27,171.02,5,6
2021-05-03,45.47,131.2,4756.49,71.3,105.39,5,0
2021-05-04,61.43,625.55,10761.27,80.0,132.96,5,1
2021-05-05,31.2,394.04,2197.19,62.27,74.63,5,2
2021-05-06,53.12,277.1,11935.66,76.86,73.5,5,3
2021-05-07,44.03,408.74,5132.88,88.65,174.81,5,4
2021-05-08,47.81,476.45,1641.74,82.27,69.08,5,5
2021-05-09,59.35,466.36,9905.98,61.32,47.97,5,6
2021-05-10,33.2,648.16,2140.89,63.76,191.61,5,0
2021-05-11,88.33,749.29,6393.93,62.3,129.25,5,1
2021-05-12,63.86,159.08,10863.77,65.16,101.22,5,2
2021-05-13,70.73,488.22,9033.38,74.02,118.19,5,3
2021-05-14,76.89,83.69,2241.9,80.2,106.02,5,4
2021-05-15,44.75,624.26,8016.84,68.09,194.71,5,5
2021-05-16,57.49,657.73,8040.55,60.47,199.27,5,6
2021-05-17,77.75,85.13,6424.28,78.79,126.54,5,0
2021-05-18,35.79,319.87,10377.18,71.83,71.69,5,1
2021-05-19,82.41,646.51,6193.28,66.45,81.63,5,2
2021-05-20,56.45,723.92,10660.25,68.61,183.27,5,3
2021-05-21,56.07,206.85,8575.04,85.12,58.05,5,4
2021-05-22,63.71,225.27,7310.41,86.08,182.17,5,5
2021-05-23,59.98,609.42,7328.1,77.93,53.88,5,6
2021-05-24,33.16,394.39,9166.02,61.87,67.0,5,0
2021-05-25,68.09,126.19,6672.44,77.21,72.15,5,1
2021-05-26,49.11,256.77,11915.59,73.6,63.84,5,2
2021-05-27,35.52,236.23,9372.89,69.02,74.04,5,3
2021-05-28,53.48,245.96,9579.54,89.81,144.13,5,4
2021-05-29,63.85,162.82,8883.79,65.79,33.88,5,5
2021-05-30,70.47,402.06,8442.52,69.6,86.83,5,6
2021-05-31,86.68,368.54,2133.0,70.11,184.24,5,0
2021-06-01,86.47,168.22,4713.68,76.75,152.92,6,1
2021-06-02,40.27,426.26,6376.96,67.62,46.6,6,2
2021-06-03,63.02,66.5,7617.27,69.96,57.91,6,3
2021-06-04,43.84,438.37,3825.89,73.65,50.93,6,4
2021-06-05,40.59,216.65,7181.87,67.28,51.63,6,5
2021-06-06,81.38,193.01,4042.02,81.08,39.84,6,6
2021-06-07,87.09,199.44,5980.83,89.2,67.72,6,0
2021-06-08,44.3,227.56,7659.1,77.93,69.16,6,1
2021-06-09,35.11,196.57,6220.57,89.25,197.23,6,2
2021-06-10,87.61,308.0,6926.48,83.89,191.65,6,3
2021-06-11,33.19,137.28,3363.3,82.19,66.57,6,4
2021-06-12,67.2,109.31,7438.18,76.82,31.62,6,5
2021-06-13,44.26,117.46,3990.93,69.63,35.47,6,6
2021-06-14,35.46,276.59,5830.4,89.06,184.8,6,0
2021-06-15,40.13,141.81,2630.12,66.48,176.32,6,1
2021-06-16,64.41,474.3,6853.56,76.03,163.86,6,2
2021-06-17,34.34,432.76,6709.13,67.69,184.56,6,3
2021-06-18,57.96,376.57,1253.03,84.91,168.51,6,4
2021-06-19,47.53,486.89,7441.85,79.05,133.17,6,5
2021-06-20,39.21,253.55,3562.92,73.18,193.88,6,6
2021-06-21,83.67,332.34,3806.77,62.2,141.16,6,0
2021-06-22,54.04,185.53,4743.92,82.17,146.13,6,1
2021-06-23,67.29,486.57,6305.46,68.48,161.41,6,2
2021-06-24,78.85,438.25,2977.64,70.8,71.89,6,3
2021-06-25,37.64,271.96,1187.93,69.02,134.13,6,4
2021-06-26,73.7,348.17,4730.07,88.75,199.55,6,5
2021-06-27,31.93,455.58,2920.54,65.31,136.75,6,6
2021-06-28,64.65,129.19,4220.4,60.14,44.74,6,0
2021-06-29,50.88,420.12,7565.15,68.5,33.39,6,1
2021-06-30,83.82,152.75,1301.36,74.21,74.42,6,2
2021-07-01,37.31,136.91,7560.91,70.09,163.73,7,3
2021-07-02,72.58,445.56,7203.07,70.49,58.84,7,4
2021-07-03,57.13,133.77,10852.74,66.07,31.87,7,5
2021-07-04,60.94,498.03,8510.64,83.54,70.89,7,6
2021-07-05,36.14,591.14,5666.75,71.83,133.07,7,0
2021-07-06,88.61,581.74,1972.91,60.1,38.55,7,1
2021-07-07,62.11,93.16,3833.59,79.41,113.13,7,2
2021-07-08,38.95,240.54,3297.42,89.28,109.15,7,3
2021-07-09,35.42,744.09,6955.81,74.23,157.03,7,4
2021-07-10,45.02,701.51,7039.14,60.19,102.81,7,5
2021-07-11,78.21,518.62,3388.79,85.75,81.1,7,6
2021-07-12,43.27,326.39,4635.69,65.88,175.03,7,0
2021-07-13,40.88,232.95,4626.3,88.33,98.14,7,1
2021-07-14,71.62,454.36,10399.78,61.17,89.15,7,2
2021-07-15,70.81,725.82,9869.11,67.49,125.66,7,3
2021-07-16,44.79,664.34,9238.97,62.56,53.15,7,4
2021-07-17,74.93,688.64,7683.82,60.3,143.06,7,5
2021-07-18,77.75,537.78,4793.34,62.05,62.85,7,6
2021-07-19,88.09,291.62,9351.54,89.38,63.93,7,0
2021-07-20,31.53,698.32,8246.88,67.36,127.7,7,1
2021-07-21,44.96,150.17,4628.68,84.91,102.48,7,2
2021-07-22,71.03,725.16,3725.52,82.2,115.54,7,3
2021-07-23,55.16,92.57,11172.46,62.15,85.81,7,4
2021-07-24,87.63,83.37,8157.48,60.73,171.95,7,5
2021-07-25,33.99,556.78,11993.36,74.73,88.57,7,6
2021-07-26,57.87,625.8,8340.03,86.37,139.4,7,0
2021-07-27,32.33,134.03,7121.27,60.07,199.7,7,1
2021-07-28,68.58,252.13,8516.13,88.79,130.21,7,2
2021-07-29,33.31,151.7,3576.1,73.21,196.38,7,3
2021-07-30,51.3,474.12,10222.54,81.34,67.27,7,4
2021-07-31,34.59,612.63,8856.97,77.25,48.79,7,5
2021-08-01,34.99,283.24,3731.64,77.03,151.42,8,6
2021-08-02,81.67,614.09,9165.68,72.28,83.18,8,0
2021-08-03,52.86,226.17,11583.23,64.06,63.68,8,1
2021-08-04,81.52,281.49,6793.08,63.34,130.6,8,2
2021-08-05,34.09,837.24,8637.7,84.87,53.37,8,3
2021-08-06,81.48,186.5,10302.32,83.93,45.59,8,4
2021-08-07,46.58,663.04,4354.17,67.19,93.48,8,5
2021-08-08,47.55,481.61,11334.9,83.85,199.07,8,6
2021-08-09,54.19,470.46,7648.29,71.55,94.68,8,0
2021-08-10,89.34,583.24,11358.45,75.44,53.43,8,1
2021-08-11,37.87,539.24,9035.6,66.13,138.88,8,2
2021-08-12,44.4,413.67,13694.18,80.47,179.67,8,3
2021-08-13,65.18,611.13,12311.12,64.08,53.66,8,4
2021-08-14,34.23,306.5,8589.73,62.65,48.56,8,5
2021-08-15,68.97,883.53,11305.99,66.9,66.0,8,6
2021-08-16,30.91,645.32,11777.33,77.85,184.29,8,0
2021-08-17,60.97,499.37,11449.06,80.78,80.5,8,1
2021-08-18,82.96,501.79,14307.6,75.18,70.0,8,2
2021-08-19,82.64,567.76,14767.08,68.07,199.11,8,3
2021-08-20,44.8,444.43,3557.57,74.62,155.33,8,4
2021-08-21,43.73,501.78,12104.07,70.18,53.38,8,5
2021-08-22,49.06,649.07,6005.09,83.97,62.62,8,6
2021-08-23,77.0,448.44,10173.9,61.19,54.44,8,0
2021-08-24,34.59,371.7,5392.68,65.55,86.35,8,1
2021-08-25,79.55,596.0,14617.81,80.18,130.74,8,2
2021-08-26,78.36,356.84,10160.95,64.84,122.75,8,3
2021-08-27,84.28,144.57,5028.29,84.01,78.51,8,4
2021-08-28,37.73,656.54,6291.38,84.52,149.38,8,5
2021-08-29,86.81,852.36,6748.27,64.12,111.78,8,6
2021-08-30,87.58,796.59,6051.09,63.0,32.25,8,0
2021-08-31,44.47,315.34,10829.38,86.82,198.47,8,1
2021-09-01,51.95,205.64,13075.04,73.5,79.97,9,2
2021-09-02,76.14,654.8,12335.15,60.84,62.84,9,3
2021-09-03,44.94,437.07,2294.79,75.76,114.83,9,4
2021-09-04,47.67,585.82,11550.11,70.1,82.56,9,5
2021-09-05,59.8,553.01,6491.16,75.1,112.69,9,6
2021-09-06,47.65,250.01,4588.62,81.56,148.64,9,0
2021-09-07,72.52,208.91,5905.89,63.76,79.18,9,1
2021-09-08,61.82,760.93,3445.97,88.09,185.63,9,2
2021-09-09,47.42,775.29,14196.55,63.79,86.99,9,3
2021-09-10,35.94,679.16,3745.13,88.49,184.64,9,4
2021-09-11,42.11,543.99,14712.68,82.32,56.88,9,5
2021-09-12,72.23,809.11,11345.7,65.06,90.37,9,6
2021-09-13,87.19,492.56,6884.38,84.56,124.24,9,0
2021-09-14,55.67,689.93,7618.45,85.63,147.31,9,1
2021-09-15,52.72,434.05,3181.29,73.2,61.78,9,2
2021-09-16,50.25,447.13,10291.84,74.06,47.39,9,3
2021-09-17,51.92,308.06,6720.8,63.0,183.39,9,4
2021-09-18,39.3,689.59,10768.55,78.1,124.46,9,5
2021-09-19,58.81,903.1,9499.15,88.13,88.26,9,6
2021-09-20,86.48,321.2,11042.15,66.45,139.5,9,0
2021-09-21,78.57,585.04,6846.16,67.62,122.97,9,1
2021-09-22,58.72,462.31,10060.77,74.63,138.19,9,2
2021-09-23,63.46,770.1,2862.35,82.39,165.29,9,3
2021-09-24,84.54,720.62,4678.21,60.67,77.41,9,4
2021-09-25,69.04,673.68,9109.87,69.22,117.28,9,5
2021-09-26,70.7,535.93,9979.09,69.78,116.51,9,6
2021-09-27,50.77,207.03,13239.84,75.56,72.87,9,0
2021-09-28,85.43,967.53,8769.21,65.81,189.33,9,1
2021-09-29,64.48,624.39,8856.32,80.4,140.96,9,2
2021-09-30,75.23,247.3,6347.0,74.67,131.09,9,3
2021-10-01,77.76,264.49,10919.47,66.12,102.16,10,4
2021-10-02,38.94,370.4,13443.7,85.23,90.33,10,5
2021-10-03,49.23,190.1,1921.93,88.21,37.94,10,6
2021-10-04,58.9,806.38,7581.43,64.97,49.09,10,0
2021-10-05,35.71,517.89,3829.48,70.66,111.13,10,1
2021-10-06,60.97,532.03,3666.4,88.73,183.97,10,2
2021-10-07,72.67,832.2,11025.24,74.75,196.54,10,3
2021-10-08,78.99,485.8,8318.73,72.28,62.47,10,4
2021-10-09,65.81,238.79,10444.78,66.37,77.27,10,5
2021-10-10,76.05,274.53,6092.34,80.4,150.27,10,6
2021-10-11,45.18,167.76,6023.35,74.88,75.75,10,0
2021-10-12,57.56,541.88,3573.07,89.43,150.94,10,1
2021-10-13,70.52,513.13,14617.14,60.43,173.74,10,2
2021-10-14,41.97,179.02,12092.55,64.89,196.44,10,3
2021-10-15,80.69,642.94,12000.68,79.09,193.32,10,4
2021-10-16,33.06,413.02,7098.55,68.8,84.39,10,5
2021-10-17,30.51,627.48,3240.49,88.16,76.12,10,6
2021-10-18,31.13,384.81,14334.28,61.77,174.3,10,0
2021-10-19,70.76,813.61,10239.49,89.48,176.55,10,1
2021-10-20,31.4,106.96,12272.22,64.42,188.78,10,2
2021-10-21,82.44,426.94,5906.24,64.05,73.98,10,3
2021-10-22,64.59,100.61,10727.23,65.38,139.49,10,4
2021-10-23,47.66,901.49,14664.64,78.76,71.78,10,5
2021-10-24,84.63,797.31,5099.76,61.25,153.33,10,6
2021-10-25,65.82,807.63,1915.5,69.61,82.04,10,0
2021-10-26,62.4,776.23,9696.71,87.07,88.05,10,1
2021-10-27,49.23,865.21,13505.26,68.12,80.82,10,2
2021-10-28,47.53,781.54,14662.45,78.77,88.87,10,3
2021-10-29,68.25,515.43,2874.71,86.24,179.8,10,4
2021-10-30,72.88,142.85,8005.43,61.62,187.85,10,5
2021-10-31,78.99,703.22,7702.08,77.03,120.95,10,6
2021-11-01,75.5,727.44,10131.45,88.14,84.68,11,0
2021-11-02,82.78,264.89,5826.1,86.05,190.73,11,1
2021-11-03,88.01,199.9,7120.86,62.22,37.98,11,2
2021-11-04,45.95,182.03,6921.13,72.22,108.28,11,3
2021-11-05,66.77,116.55,3232.99,82.48,147.38,11,4
2021-11-06,61.37,715.68,7871.35,87.0,169.47,11,5
2021-11-07,69.5,395.75,10588.41,63.38,55.22,11,6
2021-11-08,50.51,654.48,2601.35,86.4,113.71,11,0
2021-11-09,52.83,582.85,5890.56,87.69,162.1,11,1
2021-11-10,46.37,122.05,5400.67,72.17,184.81,11,2
2021-11-11,45.28,570.21,4608.98,81.58,147.58,11,3
2021-11-12,34.4,383.75,8500.43,83.72,118.79,11,4
2021-11-13,76.45,607.61,7128.62,78.46,90.4,11,5
2021-11-14,75.34,207.99,8540.74,72.21,63.64,11,6
2021-11-15,38.78,400.37,2351.49,85.62,157.47,11,0
2021-11-16,82.19,622.77,1555.01,71.47,72.38,11,1
2021-11-17,61.06,512.34,9367.59,84.41,53.58,11,2
2021-11-18,79.56,466.71,2889.47,77.53,38.04,11,3
2021-11-19,31.43,667.55,5507.91,87.81,184.89,11,4
2021-11-20,76.37,505.14,11531.83,62.39,95.4,11,5
2021-11-21,76.1,499.33,8369.11,60.3,169.46,11,6
2021-11-22,50.15,75.11,9559.63,74.06,95.33,11,0
2021-11-23,84.12,275.26,1635.86,87.25,63.9,11,1
2021-11-24,78.6,177.84,11713.08,80.61,89.13,11,2
2021-11-25,48.93,534.54,7626.93,68.67,68.21,11,3
2021-11-26,47.64,401.46,9475.41,79.52,177.09,11,4
2021-11-27,60.23,110.27,9644.07,68.79,107.48,11,5
2021-11-28,37.25,82.97,10415.94,84.6,112.73,11,6
2021-11-29,65.26,139.84,5736.67,85.93,66.67,11,0
2021-11-30,51.52,196.9,10278.07,82.91,58.07,11,1
2021-12-01,87.24,162.37,6500.63,75.58,168.35,12,2
2021-12-02,80.08,105.6,5619.92,69.66,91.0,12,3
2021-12-03,53.29,444.15,1586.63,84.04,121.64,12,4
2021-12-04,35.92,331.89,7856.79,88.81,74.41,12,5
2021-12-05,46.98,118.56,5031.95,80.69,39.39,12,6
2021-12-06,86.06,96.48,7912.97,67.96,72.39,12,0
2021-12-07,46.29,135.13,5939.48,85.6,176.19,12,1
2021-12-08,43.97,424.27,3689.27,63.76,70.43,12,2
2021-12-09,34.79,333.89,7844.13,64.34,106.92,12,3
2021-12-10,83.37,473.17,4819.79,87.87,72.35,12,4
2021-12-11,76.33,204.78,6696.93,61.5,145.79,12,5
2021-12-12,42.79,220.91,1872.32,64.63,114.33,12,6
2021-12-13,75.8,433.73,3767.62,79.53,94.94,12,0
2021-12-14,60.34,131.71,7403.38,81.32,38.17,12,1
2021-12-15,70.62,116.94,3972.94,68.3,71.52,12,2
2021-12-16,57.57,249.11,3849.17,76.29,169.01,12,3
2021-12-17,71.39,98.0,5605.22,69.72,170.39,12,4
2021-12-18,57.16,356.74,1497.15,72.75,90.66,12,5
2021-12-19,58.48,259.35,2605.82,66.43,31.98,12,6
2021-12-20,70.47,144.85,2296.16,78.34,148.09,12,0
2021-12-21,63.9,444.36,2350.13,72.89,148.09,12,1
2021-12-22,87.96,244.43,3490.65,70.79,50.7,12,2
2021-12-23,49.71,489.23,6404.32,69.31,114.55,12,3
2021-12-24,32.14,384.12,7215.2,65.2,36.56,12,4
2021-12-25,88.6,249.35,5732.57,67.78,52.71,12,5
2021-12-26,80.98,127.23,5687.52,85.97,162.32,12,6
2021-12-27,78.64,120.57,6843.21,66.82,66.09,12,0
2021-12-28,81.15,99.65,2218.18,84.73,156.75,12,1
2021-12-29,47.91,403.56,4418.13,74.52,104.08,12,2
2021-12-30,84.16,332.24,4803.83,63.89,132.85,12,3
2021-12-31,67.77,433.37,1917.51,85.63,66.77,12,4
2022-01-01,79.83,275.32,7315.37,81.41,101.54,1,5
2022-01-02,85.16,316.09,5094.78,77.82,43.52,1,6
2022-01-03,40.93,682.67,3298.47,82.45,119.64,1,0
2022-01-04,54.05,576.65,11821.68,84.0,31.86,1,1
2022-01-05,76.71,287.29,11148.63,60.07,65.88,1,2
2022-01-06,45.88,86.47,2613.5,77.05,86.53,1,3
2022-01-07,38.49,561.3,8163.43,62.11,118.16,1,4
2022-01-08,41.76,509.67,5848.26,60.98,63.78,1,5
2022-01-09,34.86,522.13,9350.73,68.05,180.1,1,6
2022-01-10,88.95,459.09,8639.19,64.96,46.26,1,0
2022-01-11,45.25,486.14,7419.0,73.17,100.07,1,1
2022-01-12,49.23,598.03,8206.45,68.6,54.92,1,2
2022-01-13,35.41,601.8,7559.32,61.23,185.26,1,3
2022-01-14,44.32,410.12,4211.05,80.86,48.43,1,4
2022-01-15,30.49,536.65,1585.28,82.06,144.29,1,5
2022-01-16,85.83,128.3,9467.75,86.2,75.98,1,6
2022-01-17,60.57,330.2,3638.56,77.76,99.33,1,0
2022-01-18,83.21,155.07,8469.27,89.07,38.89,1,1
2022-01-19,76.93,720.77,6179.81,88.81,101.8,1,2
2022-01-20,53.12,740.08,4788.95,65.04,76.66,1,3
2022-01-21,56.64,720.65,2122.35,70.05,99.32,1,4
2022-01-22,30.37,206.57,8046.35,64.87,166.64,1,5
2022-01-23,58.86,112.48,4714.2,89.02,39.31,1,6
2022-01-24,42.14,118.85,8700.7,78.58,187.38,1,0
2022-01-25,30.06,336.31,5008.47,77.18,105.71,1,1
2022-01-26,67.15,181.25,9150.01,62.35,150.41,1,2
2022-01-27,45.51,325.32,6998.26,74.53,172.3,1,3
2022-01-28,76.27,707.94,5807.81,63.86,68.23,1,4
2022-01-29,48.36,567.96,2105.67,66.94,133.14,1,5
2022-01-30,69.05,345.54,3450.61,63.88,75.1,1,6
2022-01-31,87.83,160.08,6257.76,60.95,197.98,1,0
2022-02-01,40.76,178.26,3715.53,89.26,94.17,2,1
2022-02-02,54.99,455.29,11942.39,76.09,95.7,2,2
2022-02-03,47.11,394.14,6697.28,80.35,183.35,2,3
2022-02-04,42.64,548.79,14454.48,71.73,181.19,2,4
2022-02-05,82.42,142.54,4932.27,82.31,62.88,2,5
2022-02-06,54.81,785.46,2013.16,70.94,31.57,2,6
2022-02-07,59.95,853.6,7840.94,72.66,174.47,2,0
2022-02-08,30.24,906.67,3784.27,62.62,61.19,2,1
2022-02-09,51.4,311.62,7631.11,61.82,163.6,2,2
2022-02-10,43.21,771.73,3894.23,67.44,69.29,2,3
2022-02-11,83.78,172.31,9946.44,77.3,58.69,2,4
2022-02-12,30.07,891.93,11996.8,69.76,79.52,2,5
2022-02-13,31.49,96.35,3574.89,75.4,89.36,2,6
2022-02-14,45.77,412.26,10442.73,85.59,126.61,2,0
2022-02-15,34.22,208.49,4715.82,81.91,173.24,2,1
2022-02-16,82.82,906.82,7599.77,62.78,132.6,2,2
2022-02-17,44.96,487.41,4578.3,68.65,84.18,2,3
2022-02-18,86.56,328.88,6210.98,87.42,124.48,2,4
2022-02-19,46.5,763.7,3245.11,84.38,95.52,2,5
2022-02-20,49.56,180.36,4825.57,80.96,66.72,2,6
2022-02-21,57.78,188.14,5596.44,63.55,186.73,2,0
2022-02-22,61.53,540.94,11183.55,64.93,60.19,2,1
2022-02-23,61.64,183.32,4100.45,81.11,151.88,2,2
2022-02-24,39.87,306.07,2113.28,82.93,167.27,2,3
2022-02-25,48.63,276.91,1955.68,77.74,93.34,2,4
2022-02-26,73.71,307.41,7393.02,73.38,163.83,2,5
2022-02-27,76.09,838.71,12663.63,74.89,53.42,2,6
2022-02-28,45.31,645.49,13366.67,85.47,47.48,2,0
2022-03-01,75.99,737.65,14685.24,62.67,162.8,3,1
2022-03-02,34.43,331.56,4285.09,78.7,92.82,3,2
2022-03-03,66.92,394.68,12356.42,87.71,104.05,3,3
2022-03-04,89.83,945.91,13607.58,78.0,54.05,3,4
2022-03-05,79.7,556.97,15446.84,67.31,48.37,3,5
2022-03-06,40.74,922.44,7491.21,80.35,115.11,3,6
2022-03-07,57.49,524.92,9091.69,60.21,98.91,3,0
2022-03-08,42.9,321.19,7349.48,76.2,163.43,3,1
2022-03-09,79.85,902.85,5376.39,64.0,153.79,3,2
2022-03-10,63.57,174.39,11935.04,76.16,65.46,3,3
2022-03-11,88.23,874.45,2804.62,86.96,196.16,3,4
2022-03-12,71.09,571.7,5914.83,85.44,166.54,3,5
2022-03-13,77.18,707.65,2081.38,70.91,163.55,3,6
2022-03-14,83.38,345.28,11132.0,78.45,32.63,3,0
2022-03-15,33.02,471.55,7062.96,81.48,87.65,3,1
2022-03-16,30.75,787.25,10032.69,89.4,83.42,3,2
2022-03-17,43.94,847.59,2295.64,70.79,157.96,3,3
2022-03-18,84.87,441.18,13904.64,83.05,154.61,3,4
2022-03-19,45.01,177.65,9261.37,74.17,113.96,3,5
2022-03-20,42.07,586.06,12150.08,69.9,57.16,3,6
2022-03-21,33.81,692.77,6308.42,72.88,57.68,3,0
2022-03-22,40.02,956.37,10080.64,61.73,89.99,3,1
2022-03-23,44.31,656.46,14897.27,87.44,65.71,3,2
2022-03-24,34.52,540.14,12004.83,89.88,141.24,3,3
2022-03-25,47.78,946.58,15933.12,83.18,83.46,3,4
2022-03-26,87.48,691.75,14301.25,72.85,135.64,3,5
2022-03-27,68.99,555.41,13426.09,80.95,120.8,3,6
2022-03-28,88.8,769.87,11247.08,76.87,119.39,3,0
2022-03-29,56.14,842.9,2666.27,69.51,153.64,3,1
2022-03-30,72.28,130.16,4531.62,88.02,196.4,3,2
2022-03-31,88.54,700.59,8275.35,84.57,48.44,3,3
2022-04-01,34.21,917.05,2915.1,84.77,176.25,4,4
2022-04-02,57.13,438.47,4320.88,71.31,156.66,4,5
2022-04-03,33.26,322.92,2508.02,71.66,124.51,4,6
2022-04-04,47.6,782.07,6824.56,77.53,100.91,4,0
2022-04-05,79.07,161.01,14644.55,89.89,191.06,4,1
2022-04-06,87.39,883.91,10575.87,82.05,160.21,4,2
2022-04-07,32.83,678.82,11238.99,83.3,93.34,4,3
2022-04-08,61.72,232.94,8322.7,88.88,106.75,4,4
2022-04-09,87.94,724.15,13835.45,86.24,31.82,4,5
2022-04-10,80.61,579.51,10618.62,62.85,71.99,4,6
2022-04-11,48.59,159.47,4764.11,75.91,47.05,4,0
2022-04-12,38.51,254.74,3110.94,61.79,147.81,4,1
2022-04-13,48.19,766.11,5626.98,70.67,35.45,4,2
2022-04-14,45.84,414.79,3589.54,79.59,108.53,4,3
2022-04-15,82.71,281.07,12664.88,67.21,132.68,4,4
2022-04-16,47.51,695.29,3080.73,76.83,195.26,4,5
2022-04-17,34.31,667.34,11595.03,69.53,128.97,4,6
2022-04-18,73.37,236.38,5482.56,61.02,84.89,4,0
2022-04-19,60.44,710.88,8671.46,63.39,151.69,4,1
2022-04-20,70.68,344.19,3620.71,73.76,128.87,4,2
2022-04-21,42.39,482.63,8815.68,74.78,191.05,4,3
2022-04-22,73.33,534.33,7526.16,75.1,192.82,4,4
2022-04-23,39.76,434.2,8516.7,66.71,126.33,4,5
2022-04-24,48.8,486.42,7476.84,68.25,156.58,4,6
2022-04-25,50.52,726.65,4111.81,89.69,59.9,4,0
2022-04-26,42.68,542.08,3989.65,88.57,139.71,4,1
2022-04-27,46.04,732.19,14338.3,80.26,101.78,4,2
2022-04-28,70.42,590.53,4053.36,85.36,163.02,4,3
2022-04-29,35.16,336.59,5807.49,79.99,94.98,4,4
2022-04-30,54.12,182.77,14016.98,64.78,38.81,4,5
2022-05-01,44.04,524.37,9011.84,69.27,73.23,5,6
2022-05-02,60.97,637.76,6125.23,81.4,73.7,5,0
2022-05-03,79.88,122.23,4908.8,89.98,146.17,5,1
2022-05-04,79.81,147.23,8399.17,60.6,68.02,5,2
2022-05-05,40.88,729.34,7166.48,60.13,145.42,5,3
2022-05-06,42.44,731.27,2517.67,79.84,123.0,5,4
2022-05-07,40.35,465.66,8237.12,77.98,134.12,5,5
2022-05-08,44.71,397.67,10054.19,69.89,189.78,5,6
2022-05-09,82.68,720.15,11984.85,85.26,196.8,5,0
2022-05-10,71.55,601.76,5716.25,67.31,119.75,5,1
2022-05-11,67.57,721.09,11371.47,65.54,48.35,5,2
2022-05-12,46.25,311.53,3130.23,73.39,130.76,5,3
2022-05-13,42.5,553.15,5545.35,80.7,189.53,5,4
2022-05-14,83.15,628.65,3505.67,84.87,133.66,5,5
2022-05-15,71.75,193.21,2989.87,87.77,171.93,5,6
2022-05-16,80.78,349.75,8114.38,82.77,103.64,5,0
2022-05-17,63.04,483.94,9025.26,69.2,61.65,5,1
2022-05-18,77.8,247.6,4441.54,64.5,44.14,5,2
2022-05-19,50.75,223.74,2450.3,85.03,48.15,5,3
2022-05-20,67.13,632.52,9236.94,60.43,81.78,5,4
2022-05-21,89.33,193.71,6867.91,76.92,84.5,5,5
2022-05-22,76.46,87.25,5523.09,86.06,59.94,5,6
2022-05-23,84.21,285.69,10344.8,76.92,135.55,5,0
2022-05-24,80.85,565.93,9381.31,79.66,60.91,5,1
2022-05-25,46.49,727.89,5781.61,65.29,188.21,5,2
2022-05-26,65.83,737.5,1603.24,61.17,94.86,5,3
2022-05-27,58.44,670.85,1633.89,72.27,159.99,5,4
2022-05-28,86.23,202.95,2934.23,68.21,199.95,5,5
2022-05-29,66.04,303.43,11989.44,73.81,121.49,5,6
2022-05-30,66.92,301.02,3068.88,88.4,152.05,5,0
2022-05-31,54.27,556.57,6633.8,66.12,63.46,5,1
2022-06-01,50.65,193.53,1542.35,71.89,35.65,6,2
2022-06-02,40.77,183.4,3575.06,83.52,141.12,6,3
2022-06-03,84.46,157.08,2447.95,82.99,193.96,6,4
2022-06-04,65.26,346.9,5086.22,66.64,82.58,6,5
2022-06-05,79.34,166.52,1651.96,89.26,177.46,6,6
2022-06-06,73.72,469.12,3570.23,71.74,98.95,6,0
2022-06-07,36.32,486.8,4226.68,71.3,188.08,6,1
2022-06-08,86.26,66.76,7199.76,66.09,50.71,6,2
2022-06-09,52.83,418.46,3493.54,68.82,48.4,6,3
2022-06-10,43.22,481.1,6071.32,83.36,105.0,6,4
2022-06-11,80.94,340.64,4705.78,83.94,106.26,6,5
2022-06-12,72.97,74.94,6422.8,79.31,149.25,6,6
2022-06-13,81.22,294.81,1177.3,65.19,64.55,6,0
2022-06-14,46.25,427.37,3532.12,88.75,53.73,6,1
2022-06-15,33.43,424.85,2720.29,74.23,152.15,6,2
2022-06-16,54.79,455.41,4883.25,60.07,84.28,6,3
2022-06-17,83.44,291.57,7820.01,61.83,179.37,6,4
2022-06-18,86.55,243.72,4427.11,84.71,147.72,6,5
2022-06-19,46.38,402.02,1925.86,68.33,143.71,6,6
2022-06-20,86.75,130.05,6176.67,80.22,58.49,6,0
2022-06-21,52.76,253.44,5122.51,77.74,197.8,6,1
2022-06-22,43.0,236.24,7189.88,76.08,162.29,6,2
2022-06-23,38.56,387.51,5844.49,72.53,195.48,6,3
2022-06-24,34.04,309.46,1702.14,67.59,163.64,6,4
2022-06-25,83.08,293.95,1325.9,62.53,195.61,6,5
2022-06-26,30.66,208.84,5582.15,88.47,193.91,6,6
2022-06-27,53.11,382.41,5491.75,68.41,186.8,6,0
2022-06-28,34.96,327.51,1189.29,64.79,67.1,6,1
2022-06-29,87.99,383.21,5393.31,87.12,90.16,6,2
2022-06-30,66.97,197.67,5778.46,87.75,77.46,6,3
2022-07-01,39.33,102.73,5949.25,69.84,52.98,7,4
2022-07-02,53.46,284.73,10598.55,75.51,141.08,7,5
2022-07-03,60.71,182.51,4423.48,74.78,128.79,7,6
2022-07-04,36.27,564.79,5229.05,84.06,68.25,7,0
2022-07-05,44.54,606.21,11520.67,73.69,104.84,7,1
2022-07-06,72.78,213.35,3001.79,81.73,179.23,7,2
2022-07-07,77.23,563.04,6401.3,71.29,30.13,7,3
2022-07-08,57.11,657.86,7545.48,87.99,183.08,7,4
2022-07-09,37.69,485.26,3085.12,87.41,138.92,7,5
2022-07-10,50.84,242.56,9809.88,60.27,158.19,7,6
2022-07-11,59.47,197.76,6414.36,65.01,153.0,7,0
2022-07-12,70.9,592.13,10111.66,87.7,49.94,7,1
2022-07-13,43.34,264.48,6282.74,86.36,140.06,7,2
2022-07-14,76.7,189.35,2421.84,74.41,112.66,7,3
2022-07-15,75.63,494.78,8157.77,74.49,92.09,7,4
2022-07-16,71.95,492.01,7969.66,69.02,97.08,7,5
2022-07-17,36.01,274.34,7763.51,60.06,105.16,7,6
2022-07-18,68.01,647.38,8128.2,67.45,45.12,7,0
2022-07-19,84.87,300.14,9726.91,71.18,142.67,7,1
2022-07-20,45.1,253.54,5213.34,82.01,71.82,7,2
2022-07-21,41.88,713.28,11644.58,74.2,114.24,7,3
2022-07-22,51.03,705.6,6508.26,83.79,145.35,7,4
2022-07-23,68.15,711.44,5952.1,89.93,152.57,7,5
2022-07-24,69.25,668.97,6493.08,85.68,94.33,7,6
2022-07-25,50.81,412.85,4667.54,79.94,60.41,7,0
2022-07-26,78.69,314.73,4788.15,82.4,37.95,7,1
2022-07-27,61.2,425.44,2748.27,68.06,174.96,7,2
2022-07-28,59.31,324.11,4548.42,75.49,68.63,7,3
2022-07-29,51.5,321.98,3885.09,65.59,191.35,7,4
2022-07-30,76.5,557.16,10851.12,80.47,31.39,7,5
2022-07-31,53.8,521.47,6820.7,62.28,103.4,7,6
2022-08-01,85.88,131.56,7752.3,74.63,43.18,8,0
2022-08-02,45.77,335.35,2136.73,61.95,94.63,8,1
2022-08-03,35.53,97.06,10589.51,79.99,168.77,8,2
2022-08-04,40.91,931.98,9347.98,89.21,91.89,8,3
2022-08-05,69.21,580.59,3915.39,79.86,52.61,8,4
2022-08-06,86.68,372.46,11677.58,78.61,140.95,8,5
2022-08-07,64.01,183.78,11114.05,61.36,194.42,8,6
2022-08-08,73.77,707.29,12476.79,71.7,62.29,8,0
2022-08-09,69.53,710.45,8148.29,82.04,105.24,8,1
2022-08-10,77.68,672.13,6937.73,65.25,40.32,8,2
2022-08-11,77.18,93.93,14240.95,69.74,47.39,8,3
2022-08-12,43.42,201.09,2476.55,73.61,184.16,8,4
2022-08-13,66.9,817.77,12033.94,66.15,181.53,8,5
2022-08-14,53.49,835.89,9699.14,61.3,99.22,8,6
2022-08-15,50.33,190.22,4491.48,78.14,159.09,8,0
2022-08-16,51.6,756.46,8118.7,63.93,90.06,8,1
2022-08-17,33.39,431.35,7859.35,83.09,170.75,8,2
2022-08-18,35.74,875.67,5870.36,80.99,82.02,8,3
2022-08-19,69.49,623.38,11523.83,72.33,110.92,8,4
2022-08-20,31.0,238.82,3940.53,61.96,104.02,8,5
2022-08-21,81.31,673.78,5284.11,71.72,34.14,8,6
2022-08-22,73.79,918.56,6589.8,79.94,188.69,8,0
2022-08-23,31.48,220.68,5356.55,89.66,91.8,8,1
2022-08-24,44.87,291.8,11169.03,83.35,195.09,8,2
2022-08-25,39.44,688.73,11781.61,85.51,142.36,8,3
2022-08-26,45.45,374.26,13610.25,78.15,95.67,8,4
2022-08-27,34.54,473.6,3969.22,84.81,48.78,8,5
2022-08-28,66.88,647.72,3453.28,83.31,126.35,8,6
2022-08-29,36.67,501.02,11186.41,60.72,48.92,8,0
2022-08-30,78.31,580.12,7139.59,65.67,128.11,8,1
2022-08-31,46.09,511.31,9927.07,80.01,58.67,8,2
2022-09-01,72.1,801.34,6515.51,78.48,64.81,9,3
2022-09-02,58.72,894.71,9460.24,65.15,82.78,9,4
2022-09-03,57.47,859.57,8484.07,75.71,57.9,9,5
2022-09-04,53.31,479.34,9049.42,79.26,180.0,9,6
2022-09-05,52.38,914.71,12262.44,74.44,93.63,9,0
2022-09-06,79.29,675.83,8786.09,75.36,156.67,9,1
2022-09-07,89.52,518.91,15962.73,61.65,179.07,9,2
2022-09-08,86.9,293.95,3447.79,83.64,46.47,9,3
2022-09-09,57.71,849.48,5926.4,67.15,106.76,9,4
2022-09-10,49.33,663.32,14329.53,87.49,151.78,9,5
2022-09-11,79.08,815.31,6602.89,88.24,88.68,9,6
2022-09-12,46.9,251.54,15183.67,71.66,116.62,9,0
2022-09-13,46.16,804.48,10813.22,73.67,163.5,9,1
2022-09-14,50.01,392.53,6794.45,81.13,175.63,9,2
2022-09-15,45.71,829.69,12790.17,79.17,194.26,9,3
2022-09-16,34.58,697.38,13089.65,68.79,49.41,9,4
2022-09-17,73.3,789.71,4961.29,64.38,38.93,9,5
2022-09-18,45.16,217.05,12134.23,68.41,60.7,9,6
2022-09-19,81.88,750.79,15134.73,83.61,92.37,9,0
2022-09-20,30.78,287.02,15632.92,72.5,88.31,9,1
2022-09-21,50.0,905.8,10679.3,64.15,80.36,9,2
2022-09-22,77.21,469.23,2239.69,81.41,72.24,9,3
2022-09-23,41.19,396.24,10690.7,60.1,82.42,9,4
2022-09-24,45.46,208.25,7323.7,77.48,73.39,9,5
2022-09-25,49.87,730.75,2148.92,61.32,57.5,9,6
2022-09-26,32.09,632.54,4932.57,72.33,94.06,9,0
2022-09-27,53.52,460.58,14845.04,69.42,39.66,9,1
2022-09-28,83.26,161.61,13649.93,70.28,156.33,9,2
2022-09-29,48.09,592.12,14128.06,63.15,168.26,9,3
2022-09-30,34.97,355.33,14569.53,73.59,131.35,9,4
2022-10-01,48.67,243.72,8230.37,74.56,184.09,10,5
2022-10-02,45.33,513.42,10373.98,60.93,122.4,10,6
2022-10-03,80.11,311.29,10189.53,76.35,181.97,10,0
2022-10-04,76.01,410.22,3966.38,71.17,166.62,10,1
2022-10-05,85.65,922.31,5242.54,77.78,170.46,10,2
2022-10-06,47.68,826.54,8306.61,89.27,114.97,10,3
2022-10-07,55.65,178.99,7806.78,79.95,139.98,10,4
2022-10-08,73.09,190.67,2292.12,78.77,33.36,10,5
2022-10-09,34.49,475.55,9426.96,67.06,99.51,10,6
2022-10-10,81.89,722.7,5222.38,60.9,37.06,10,0
2022-10-11,72.57,278.11,9110.87,89.2,161.44,10,1
2022-10-12,59.96,615.39,3961.78,81.24,150.02,10,2
2022-10-13,63.63,509.28,11123.2,86.83,61.52,10,3
2022-10-14,31.84,350.02,9297.16,78.03,123.05,10,4
2022-10-15,44.4,302.38,2571.15,72.15,173.1,10,5
2022-10-16,30.83,549.26,5516.91,77.04,128.39,10,6
2022-10-17,44.57,172.29,7396.34,89.41,165.03,10,0
2022-10-18,45.43,104.2,10654.95,61.75,178.68,10,1
2022-10-19,82.34,322.05,14861.12,87.16,162.06,10,2
2022-10-20,81.39,575.26,13484.76,75.62,76.17,10,3
2022-10-21,47.33,854.83,8476.96,80.18,75.75,10,4
2022-10-22,64.55,148.63,11773.69,71.22,135.84,10,5
2022-10-23,76.68,306.11,11936.81,87.23,137.47,10,6
2022-10-24,86.32,635.98,11039.84,77.8,34.24,10,0
2022-10-25,64.48,726.39,13965.47,82.8,139.06,10,1
2022-10-26,54.31,272.52,2783.33,73.6,51.64,10,2
2022-10-27,66.11,334.42,8510.42,74.82,136.45,10,3
2022-10-28,72.84,663.88,6975.62,82.5,36.28,10,4
2022-10-29,40.83,883.72,3958.78,84.77,185.38,10,5
2022-10-30,83.32,171.64,12065.69,78.37,97.42,10,6
2022-10-31,68.22,251.4,4098.62,85.23,83.37,10,0
2022-11-01,77.6,288.56,10459.82,77.45,163.36,11,1
2022-11-02,35.54,476.01,9483.75,85.76,193.39,11,2
2022-11-03,82.21,471.16,11249.37,68.25,180.69,11,3
2022-11-04,71.15,607.57,4183.96,84.07,92.94,11,4
2022-11-05,58.95,712.72,10593.31,72.48,175.85,11,5
2022-11-06,40.28,86.39,9742.7,83.37,178.57,11,6
2022-11-07,64.41,495.51,6594.71,80.53,70.26,11,0
2022-11-08,57.39,735.35,11013.14,67.37,128.6,11,1
2022-11-09,32.02,503.58,4400.59,67.23,118.82,11,2
2022-11-10,45.97,225.07,2701.27,73.7,159.44,11,3
2022-11-11,73.83,100.13,4051.28,63.87,60.2,11,4
2022-11-12,70.7,138.64,2554.75,69.8,102.04,11,5
2022-11-13,84.61,624.39,5232.53,80.19,105.05,11,6
2022-11-14,70.56,389.93,5534.48,79.19,165.3,11,0
2022-11-15,43.68,95.8,8373.26,84.75,46.89,11,1
2022-11-16,61.83,705.25,8550.89,82.12,178.64,11,2
2022-11-17,84.25,207.67,10616.15,60.45,189.46,11,3
2022-11-18,30.27,78.29,9505.5,82.84,75.3,11,4
2022-11-19,30.49,521.4,8647.13,81.3,135.66,11,5
2022-11-20,49.51,490.09,7765.61,88.64,57.68,11,6
2022-11-21,55.44,225.98,10865.23,69.79,42.35,11,0
2022-11-22,84.03,169.79,1639.55,77.44,106.67,11,1
2022-11-23,57.13,505.02,11783.96,76.35,150.58,11,2
2022-11-24,42.09,319.82,11661.66,68.82,97.64,11,3
2022-11-25,72.14,328.47,9358.5,71.57,195.13,11,4
2022-11-26,52.07,352.8,3822.2,75.63,124.97,11,5
2022-11-27,87.3,171.89,3180.59,61.13,51.48,11,6
2022-11-28,56.29,493.04,10652.32,85.71,81.44,11,0
2022-11-29,68.86,310.34,4473.44,75.4,175.32,11,1
2022-11-30,34.5,159.89,11257.45,78.45,176.32,11,2
2022-12-01,82.53,405.74,2218.12,66.66,198.26,12,3
2022-12-02,57.16,118.05,3047.44,71.11,48.92,12,4
2022-12-03,81.47,308.02,4930.49,66.8,161.67,12,5
2022-12-04,78.85,392.9,1219.3,85.35,159.09,12,6
2022-12-05,56.77,391.38,1305.1,84.89,142.04,12,0
2022-12-06,51.96,131.19,3496.12,67.2,180.42,12,1
2022-12-07,30.34,414.81,4777.86,88.1,149.7,12,2
2022-12-08,78.75,334.74,4782.32,73.39,193.25,12,3
2022-12-09,60.66,484.44,5903.65,85.06,58.5,12,4
2022-12-10,55.21,165.59,3746.61,65.78,151.17,12,5
2022-12-11,48.51,232.96,2709.46,65.11,96.4,12,6
2022-12-12,35.63,450.54,4652.8,69.19,83.9,12,0
2022-12-13,64.41,317.13,1233.18,83.28,34.3,12,1
2022-12-14,78.46,318.23,1755.91,67.41,173.82,12,2
2022-12-15,79.54,337.13,2043.83,77.23,35.15,12,3
2022-12-16,37.51,492.85,5930.28,77.23,159.63,12,4
2022-12-17,52.61,68.29,6931.89,65.97,147.89,12,5
2022-12-18,43.82,166.6,2598.64,63.09,158.63,12,6
2022-12-19,68.52,345.6,3118.46,68.79,184.94,12,0
2022-12-20,85.53,303.46,5018.66,62.02,88.7,12,1
2022-12-21,65.48,123.71,3665.89,79.78,132.56,12,2
2022-12-22,78.18,381.12,6083.0,81.7,140.67,12,3
2022-12-23,42.51,380.47,7915.11,85.83,40.18,12,4
2022-12-24,81.58,469.09,4607.6,62.18,161.26,12,5
2022-12-25,85.22,185.81,7125.26,66.77,182.54,12,6
2022-12-26,65.7,170.84,6495.64,78.53,171.14,12,0
2022-12-27,52.9,354.03,4772.23,80.45,105.74,12,1
2022-12-28,79.17,422.92,2119.96,60.64,81.38,12,2
2022-12-29,84.21,302.3,5505.55,67.15,130.17,12,3
2022-12-30,62.22,70.59,4081.91,62.05,153.68,12,4
2022-12-31,79.7,178.9,6156.87,68.55,43.09,12,5
2023-01-01,61.55,626.93,8298.35,72.22,44.67,1,6
2023-01-02,45.01,639.86,8909.89,60.46,62.08,1,0
2023-01-03,69.3,582.16,7640.61,67.07,86.97,1,1
2023-01-04,64.76,701.68,10618.93,62.19,39.9,1,2
2023-01-05,67.83,124.63,1925.99,84.01,191.39,1,3
2023-01-06,59.63,294.71,8585.35,83.46,66.36,1,4
2023-01-07,60.58,582.16,8560.43,84.47,132.49,1,5
2023-01-08,80.61,93.3,2779.44,79.72,175.66,1,6
2023-01-09,60.12,342.91,5331.75,89.31,158.96,1,0
2023-01-10,39.37,633.53,10792.6,75.98,161.17,1,1
2023-01-11,79.96,153.57,11231.61,72.68,82.56,1,2
2023-01-12,81.15,324.5,5229.26,68.9,49.33,1,3
2023-01-13,41.82,219.89,1794.09,66.61,184.15,1,4
2023-01-14,85.13,183.64,10827.69,83.07,198.87,1,5
2023-01-15,77.56,187.7,11658.77,87.07,84.04,1,6
2023-01-16,68.68,209.12,10642.82,67.23,184.33,1,0
2023-01-17,44.41,490.71,9454.54,77.28,90.6,1,1
2023-01-18,49.81,722.55,6187.47,64.67,146.88,1,2
2023-01-19,50.46,115.15,8418.04,81.82,159.16,1,3
2023-01-20,49.84,736.69,9771.58,78.88,49.2,1,4
2023-01-21,52.19,742.71,4312.02,76.52,125.83,1,5
2023-01-22,34.73,417.2,7011.34,79.31,51.36,1,6
2023-01-23,82.81,585.98,5563.89,74.88,172.77,1,0
2023-01-24,66.45,498.77,8192.98,74.94,44.13,1,1
2023-01-25,78.25,327.87,3048.27,86.94,123.11,1,2
2023-01-26,70.75,396.73,7462.32,80.95,73.05,1,3
2023-01-27,72.09,254.83,4476.95,85.27,168.01,1,4
2023-01-28,85.01,397.51,3304.02,70.98,47.97,1,5
2023-01-29,49.77,483.9,5657.8,67.04,172.95,1,6
2023-01-30,74.57,387.05,6064.02,80.54,43.78,1,0
2023-01-31,89.25,651.74,7221.22,69.34,43.99,1,1
2023-02-01,32.4,203.98,12943.6,66.48,101.71,2,2
2023-02-02,86.85,205.19,11263.31,81.85,39.61,2,3
2023-02-03,58.28,426.61,11591.19,68.67,94.94,2,4
2023-02-04,76.91,317.31,11741.3,88.7,83.61,2,5
2023-02-05,84.7,689.11,13465.22,84.14,35.23,2,6
2023-02-06,65.04,214.69,9533.3,70.06,184.25,2,0
2023-02-07,32.43,447.36,10662.45,82.17,172.94,2,1
2023-02-08,45.5,413.2,3528.89,68.37,151.22,2,2
2023-02-09,67.92,884.87,7823.21,77.58,37.33,2,3
2023-02-10,72.1,298.95,5562.99,78.11,76.19,2,4
2023-02-11,70.14,454.04,4598.47,68.87,142.52,2,5
2023-02-12,47.8,612.46,7574.75,72.03,78.0,2,6
2023-02-13,69.59,766.56,14164.34,85.41,196.74,2,0
2023-02-14,69.64,720.58,13678.8,87.11,149.5,2,1
2023-02-15,56.9,196.33,12971.51,68.26,177.2,2,2
2023-02-16,37.52,862.75,4162.89,73.85,68.5,2,3
2023-02-17,71.59,867.35,7356.99,88.35,164.74,2,4
2023-02-18,71.46,769.19,9923.23,80.18,94.7,2,5
2023-02-19,86.48,519.75,2027.44,84.06,195.45,2,6
2023-02-20,47.99,156.8,4978.47,69.52,66.31,2,0
2023-02-21,79.23,473.05,11079.8,78.38,92.84,2,1
2023-02-22,40.07,160.41,12619.58,70.24,78.29,2,2
2023-02-23,54.19,656.2,2755.01,63.0,119.65,2,3
2023-02-24,58.32,893.52,5588.49,82.74,179.82,2,4
2023-02-25,69.6,638.07,8062.94,72.97,188.95,2,5
2023-02-26,67.98,748.83,10894.16,71.19,85.19,2,6
2023-02-27,79.1,374.89,7855.12,73.2,56.31,2,0
2023-02-28,39.15,309.37,5603.64,70.47,143.0,2,1
2023-03-01,70.5,745.33,13268.87,74.19,125.31,3,2
2023-03-02,58.17,401.08,10414.35,68.84,71.64,3,3
2023-03-03,34.41,564.74,2555.82,67.43,155.85,3,4
2023-03-04,50.56,113.2,14702.65,81.68,69.2,3,5
2023-03-05,80.32,424.31,3310.82,67.13,87.2,3,6
2023-03-06,84.89,629.24,7653.19,75.74,190.96,3,0
2023-03-07,44.05,642.59,12062.36,78.94,81.98,3,1
2023-03-08,73.42,879.45,15998.05,66.64,129.77,3,2
2023-03-09,59.03,698.78,14311.05,89.14,112.92,3,3
2023-03-10,79.37,723.98,11244.53,64.07,83.12,3,4
2023-03-11,69.86,775.52,14472.53,71.67,153.16,3,5
2023-03-12,32.53,940.57,9619.53,77.45,69.43,3,6
2023-03-13,56.18,860.81,14345.79,68.28,74.36,3,0
2023-03-14,40.24,195.72,12833.86,65.26,68.45,3,1
2023-03-15,80.06,962.1,4102.07,65.28,158.11,3,2
2023-03-16,87.98,563.27,4254.23,70.88,135.89,3,3
2023-03-17,45.12,756.87,10681.19,71.22,110.14,3,4
2023-03-18,36.0,597.32,14156.66,79.28,86.5,3,5
2023-03-19,62.6,875.05,10853.67,80.24,197.9,3,6
2023-03-20,83.74,418.09,14429.56,76.18,76.11,3,0
2023-03-21,83.88,914.03,2308.2,72.65,168.12,3,1
2023-03-22,72.94,403.87,8621.8,64.08,120.53,3,2
2023-03-23,54.49,945.32,15468.06,77.17,157.78,3,3
2023-03-24,40.8,102.93,13499.36,86.74,42.63,3,4
2023-03-25,80.17,620.43,13030.0,66.41,44.43,3,5
2023-03-26,52.04,446.52,15388.28,70.48,141.66,3,6
2023-03-27,78.87,190.77,5034.42,71.51,150.08,3,0
2023-03-28,45.15,260.69,10787.99,80.73,149.33,3,1
2023-03-29,31.7,417.93,12530.99,85.06,51.72,3,2
2023-03-30,58.78,113.2,5346.08,73.13,65.4,3,3
2023-03-31,89.73,571.17,5761.1,71.93,93.27,3,4
2023-04-01,84.58,517.35,14587.53,76.02,176.35,4,5
2023-04-02,61.39,529.73,14326.22,72.12,41.81,4,6
2023-04-03,39.05,446.7,6342.16,86.65,181.59,4,0
2023-04-04,80.7,780.79,3888.88,68.02,103.71,4,1
2023-04-05,38.65,418.52,12364.83,63.83,133.41,4,2
2023-04-06,46.62,931.33,7925.56,60.74,44.7,4,3
2023-04-07,46.98,663.64,8915.16,86.35,162.33,4,4
2023-04-08,86.81,118.99,4513.83,87.18,30.02,4,5
2023-04-09,83.99,369.89,8880.5,87.95,97.66,4,6
2023-04-10,33.93,654.48,13759.33,83.7,176.67,4,0
2023-04-11,55.01,430.2,6520.02,60.24,66.3,4,1
2023-04-12,74.18,173.05,3809.09,83.92,191.5,4,2
2023-04-13,75.61,753.54,7486.19,84.44,96.76,4,3
2023-04-14,79.71,543.35,5182.84,87.99,113.28,4,4
2023-04-15,47.13,588.21,5276.12,87.59,137.01,4,5
2023-04-16,51.41,159.3,9442.15,65.86,175.32,4,6
2023-04-17,40.23,903.03,10236.2,69.76,149.8,4,0
2023-04-18,75.41,786.83,13133.92,65.48,66.01,4,1
2023-04-19,44.19,387.54,11409.61,73.68,119.55,4,2
2023-04-20,85.12,857.13,13945.3,71.55,90.11,4,3
2023-04-21,31.2,583.8,9895.96,63.08,187.85,4,4
2023-04-22,67.72,172.72,11765.28,64.23,131.27,4,5
2023-04-23,52.1,333.44,8341.76,74.19,111.06,4,6
2023-04-24,56.04,677.37,11799.52,64.07,175.04,4,0
2023-04-25,54.61,167.58,8845.88,87.98,158.17,4,1
2023-04-26,49.31,210.37,13093.6,67.49,134.88,4,2
2023-04-27,57.05,692.7,11652.0,83.74,126.28,4,3
2023-04-28,78.59,267.97,11348.32,74.87,174.72,4,4
2023-04-29,35.27,780.45,1947.06,72.07,105.54,4,5
2023-04-30,41.79,365.41,13617.12,84.95,61.63,4,6
2023-05-01,74.36,159.02,3684.55,76.34,155.81,5,0
2023-05-02,33.03,332.95,5193.48,84.42,149.33,5,1
2023-05-03,73.78,157.22,7645.82,71.85,114.63,5,2
2023-05-04,80.32,701.96,9158.63,61.3,179.88,5,3
2023-05-05,38.81,352.01,5488.32,85.34,88.66,5,4
2023-05-06,77.17,382.75,3062.15,87.8,139.44,5,5
2023-05-07,75.77,281.18,9758.3,72.2,66.76,5,6
2023-05-08,80.38,235.71,2594.7,76.6,101.86,5,0
2023-05-09,45.17,279.11,10355.48,89.56,122.25,5,1
2023-05-10,79.44,309.65,9826.24,89.38,47.69,5,2
2023-05-11,35.41,476.79,11286.3,66.35,60.08,5,3
2023-05-12,34.18,729.88,3899.58,75.15,75.41,5,4
2023-05-13,63.94,651.17,3235.78,74.33,73.18,5,5
2023-05-14,78.41,597.73,7012.59,87.71,190.66,5,6
2023-05-15,33.65,327.18,10293.56,86.1,40.5,5,0
2023-05-16,67.0,518.97,10069.25,75.99,44.09,5,1
2023-05-17,77.77,534.29,9908.67,65.15,128.64,5,2
2023-05-18,66.93,380.17,10916.33,63.68,31.83,5,3
2023-05-19,76.9,691.3,4846.53,68.92,109.14,5,4
2023-05-20,34.58,336.49,3838.79,74.58,34.15,5,5
2023-05-21,67.12,170.64,3706.77,88.77,59.67,5,6
2023-05-22,75.03,333.18,8168.89,60.43,185.33,5,0
2023-05-23,87.86,323.04,7400.35,76.89,55.98,5,1
2023-05-24,72.68,158.63,5190.52,88.61,190.83,5,2
2023-05-25,46.56,514.01,9809.56,82.95,154.18,5,3
2023-05-26,53.55,195.2,3443.67,74.53,146.0,5,4
2023-05-27,34.49,570.81,8482.59,73.54,66.55,5,5
2023-05-28,56.7,491.96,5238.88,70.05,104.58,5,6
2023-05-29,43.08,152.26,9925.82,63.84,157.13,5,0
2023-05-30,81.22,569.37,9056.33,70.84,83.37,5,1
2023-05-31,59.85,706.71,8217.71,63.08,157.69,5,2
2023-06-01,36.9,155.54,7443.68,83.95,113.42,6,3
2023-06-02,35.98,442.0,4017.91,80.16,141.33,6,4
2023-06-03,32.95,329.77,3286.53,87.32,127.27,6,5
2023-06-04,55.54,299.34,1922.28,73.33,117.71,6,6
2023-06-05,67.21,437.61,6861.56,65.33,91.0,6,0
2023-06-06,32.36,231.87,5318.33,65.13,144.67,6,1
2023-06-07,64.77,466.29,7862.72,79.28,124.71,6,2
2023-06-08,73.87,169.0,6522.7,79.44,181.48,6,3
2023-06-09,64.44,169.84,6752.21,64.53,66.23,6,4
2023-06-10,30.53,124.47,1105.66,63.16,94.08,6,5
2023-06-11,31.64,373.66,6020.76,61.22,166.97,6,6
2023-06-12,73.17,420.73,7456.26,71.92,177.96,6,0
2023-06-13,41.3,339.92,5552.38,83.23,166.72,6,1
2023-06-14,48.93,254.11,7579.98,84.92,165.34,6,2
2023-06-15,55.84,384.35,3268.63,77.56,146.2,6,3
2023-06-16,73.16,389.93,3846.23,69.64,32.29,6,4
2023-06-17,66.16,234.75,2468.83,79.93,138.0,6,5
2023-06-18,85.19,419.66,4201.89,65.37,49.22,6,6
2023-06-19,63.53,367.94,5171.01,84.81,106.59,6,0
2023-06-20,69.38,157.72,1297.48,61.96,50.83,6,1
2023-06-21,35.58,325.24,1392.2,77.85,68.96,6,2
2023-06-22,61.17,194.52,7449.49,85.54,92.37,6,3
2023-06-23,86.9,275.03,1588.42,81.94,46.88,6,4
2023-06-24,76.61,456.28,7044.51,75.42,94.52,6,5
2023-06-25,35.71,244.41,4894.69,75.05,118.88,6,6
2023-06-26,66.62,351.77,6627.86,73.57,159.49,6,0
2023-06-27,36.5,132.46,2271.32,88.23,178.46,6,1
2023-06-28,75.24,341.69,2873.03,72.48,85.25,6,2
2023-06-29,83.93,417.12,1194.86,65.07,80.27,6,3
2023-06-30,78.81,399.7,7027.04,84.13,92.0,6,4
2023-07-01,81.91,308.51,11458.68,82.66,31.2,7,5
2023-07-02,77.51,690.86,10893.68,75.69,114.48,7,6
2023-07-03,69.99,129.9,3567.05,68.8,135.05,7,0
2023-07-04,38.05,554.19,1583.66,60.72,100.92,7,1
2023-07-05,69.55,665.25,9847.84,65.82,118.2,7,2
2023-07-06,54.52,426.56,2237.68,84.96,174.41,7,3
2023-07-07,49.86,172.23,6725.5,83.29,88.68,7,4
2023-07-08,82.06,510.07,10537.45,88.61,102.33,7,5
2023-07-09,71.15,284.58,3223.35,85.11,83.49,7,6
2023-07-10,40.22,748.95,9287.5,61.01,182.09,7,0
2023-07-11,40.55,590.32,2366.6,63.26,121.23,7,1
2023-07-12,86.34,546.44,7268.66,70.74,164.68,7,2
2023-07-13,36.91,110.72,4484.1,82.88,148.67,7,3
2023-07-14,44.76,552.52,11708.5,89.59,154.56,7,4
2023-07-15,30.16,478.77,3750.08,62.8,125.29,7,5
2023-07-16,52.4,434.05,2282.74,78.97,168.23,7,6
2023-07-17,36.85,740.58,7501.49,73.88,41.9,7,0
2023-07-18,68.51,506.93,8935.04,65.52,105.56,7,1
2023-07-19,83.81,176.11,10530.84,69.37,155.14,7,2
2023-07-20,54.74,692.8,4333.74,80.89,36.13,7,3
2023-07-21,72.3,129.94,11455.1,64.78,83.42,7,4
2023-07-22,53.43,533.45,8046.63,63.89,155.65,7,5
2023-07-23,89.96,294.89,4758.62,78.7,94.09,7,6
2023-07-24,49.51,403.16,7391.64,83.21,75.48,7,0
2023-07-25,79.96,572.69,2171.92,82.43,82.28,7,1
2023-07-26,64.87,461.59,5917.41,63.55,108.94,7,2
2023-07-27,55.57,92.63,10115.53,60.53,108.87,7,3
2023-07-28,51.54,175.23,2297.71,82.39,40.57,7,4
2023-07-29,38.87,471.68,2079.57,73.09,180.22,7,5
2023-07-30,73.24,406.1,6055.98,82.69,71.81,7,6
2023-07-31,77.69,200.28,5799.1,85.02,142.24,7,0
2023-08-01,71.23,132.93,2279.16,86.11,113.13,8,1
2023-08-02,71.13,758.44,13693.58,62.73,94.85,8,2
2023-08-03,38.54,436.07,4131.48,67.25,117.24,8,3
2023-08-04,85.96,615.02,4083.15,81.52,62.09,8,4
2023-08-05,74.93,195.91,7310.22,61.21,175.97,8,5
2023-08-06,40.97,218.87,3915.91,80.63,70.57,8,6
2023-08-07,46.48,424.26,4150.77,65.54,121.11,8,0
2023-08-08,65.98,112.33,8373.13,61.99,84.39,8,1
2023-08-09,37.43,889.27,11292.28,60.22,58.39,8,2
2023-08-10,75.23,541.03,5149.65,69.15,157.13,8,3
2023-08-11,58.6,329.49,6318.39,76.9,198.66,8,4
2023-08-12,59.81,98.65,3987.28,83.36,35.22,8,5
2023-08-13,85.98,760.1,2663.6,64.13,187.65,8,6
2023-08-14,58.44,672.89,7124.96,68.6,46.41,8,0
2023-08-15,75.4,762.22,4902.27,88.18,105.21,8,1
2023-08-16,60.35,853.8,3680.45,84.81,157.05,8,2
2023-08-17,59.16,769.43,14587.05,83.37,127.94,8,3
2023-08-18,72.07,769.56,3118.06,73.26,154.29,8,4
2023-08-19,59.99,384.22,11824.9,79.21,141.45,8,5
2023-08-20,33.25,134.09,12057.25,72.46,194.78,8,6
2023-08-21,64.13,224.24,6967.76,60.74,144.68,8,0
2023-08-22,56.46,509.22,7352.1,88.13,123.15,8,1
2023-08-23,62.2,359.51,14188.96,68.74,39.95,8,2
2023-08-24,78.15,726.44,14763.38,79.35,74.42,8,3
2023-08-25,47.98,193.46,6480.6,81.29,49.1,8,4
2023-08-26,66.99,461.17,8788.15,60.58,101.87,8,5
2023-08-27,71.02,586.38,12422.78,69.05,148.25,8,6
2023-08-28,74.22,440.28,14023.64,73.58,124.1,8,0
2023-08-29,56.54,913.62,10586.41,65.86,68.33,8,1
2023-08-30,49.31,857.2,4745.31,77.24,184.56,8,2
2023-08-31,37.0,355.26,9859.18,84.55,91.73,8,3
2023-09-01,87.57,644.16,11958.82,73.83,172.83,9,4
2023-09-02,49.5,450.5,14529.45,85.94,177.42,9,5
2023-09-03,50.19,746.09,8719.38,82.78,43.28,9,6
2023-09-04,69.27,657.94,9526.39,64.15,34.13,9,0
2023-09-05,62.75,569.02,6402.19,61.74,61.91,9,1
2023-09-06,34.2,494.57,4731.19,72.91,52.81,9,2
2023-09-07,70.11,415.92,9151.07,89.96,128.88,9,3
2023-09-08,30.49,526.68,11357.23,75.54,140.33,9,4
2023-09-09,33.56,598.27,12798.96,81.57,98.25,9,5
2023-09-10,40.38,471.48,8813.88,70.98,95.76,9,6
2023-09-11,34.72,232.09,14221.05,87.87,193.55,9,0
2023-09-12,44.11,402.74,11775.53,78.83,198.88,9,1
2023-09-13,86.57,549.22,10504.63,83.61,114.53,9,2
2023-09-14,41.89,540.01,12155.8,80.99,118.67,9,3
2023-09-15,80.06,980.8,9651.39,87.12,172.03,9,4
2023-09-16,84.91,256.44,5365.42,82.08,121.31,9,5
2023-09-17,52.61,472.45,14890.63,65.76,74.53,9,6
2023-09-18,73.66,973.17,12724.59,84.27,166.65,9,0
2023-09-19,62.1,672.76,12763.73,74.62,102.62,9,1
2023-09-20,40.7,190.86,2867.73,82.78,80.76,9,2
2023-09-21,52.96,855.32,4268.9,60.02,129.42,9,3
2023-09-22,60.45,532.57,8158.98,63.79,55.4,9,4
2023-09-23,85.12,465.54,10518.05,67.69,68.17,9,5
2023-09-24,89.17,748.29,6601.09,71.32,188.36,9,6
2023-09-25,71.47,394.52,15024.37,84.16,108.53,9,0
2023-09-26,68.17,778.67,11067.91,86.69,175.47,9,1
2023-09-27,77.08,552.17,14967.36,71.51,148.53,9,2
2023-09-28,86.73,244.07,12097.67,60.06,168.67,9,3
2023-09-29,63.36,385.44,15831.39,84.6,93.39,9,4
2023-09-30,73.41,664.26,12935.33,62.12,62.13,9,5
2023-10-01,45.64,127.91,3852.28,84.41,118.22,10,6
2023-10-02,45.88,315.25,12269.83,84.13,112.7,10,0
2023-10-03,46.15,107.92,7909.55,85.97,49.04,10,1
2023-10-04,83.2,546.24,12699.87,65.55,156.75,10,2
2023-10-05,59.42,887.12,13427.95,85.43,138.75,10,3
2023-10-06,71.79,232.78,5996.05,80.59,138.46,10,4
2023-10-07,32.23,293.81,4228.03,86.57,57.91,10,5
2023-10-08,79.91,428.9,8865.81,69.22,197.83,10,6
2023-10-09,46.1,425.98,5516.32,74.01,83.96,10,0
2023-10-10,40.08,94.76,13905.2,79.78,141.93,10,1
2023-10-11,51.72,330.0,4816.99,67.19,131.74,10,2
2023-10-12,84.64,321.2,2829.8,76.91,138.66,10,3
2023-10-13,46.97,356.22,5483.77,82.02,165.52,10,4
2023-10-14,82.07,736.44,11029.71,88.15,33.4,10,5
2023-10-15,37.85,532.12,14116.93,87.19,86.78,10,6
2023-10-16,66.51,823.34,4187.98,85.0,143.7,10,0
2023-10-17,58.03,788.78,9697.21,63.35,89.64,10,1
2023-10-18,63.36,95.79,11248.43,62.59,194.93,10,2
2023-10-19,87.03,596.59,8193.44,80.04,106.88,10,3
2023-10-20,59.1,696.95,4158.69,77.03,188.62,10,4
2023-10-21,38.24,539.69,14292.2,88.58,111.04,10,5
2023-10-22,81.51,630.13,10856.65,63.87,181.57,10,6
2023-10-23,43.43,400.56,6206.02,76.37,48.81,10,0
2023-10-24,42.23,376.33,11799.63,64.92,118.85,10,1
2023-10-25,79.13,888.02,7861.18,64.0,187.75,10,2
2023-10-26,70.63,243.6,8209.56,61.99,45.82,10,3
2023-10-27,73.65,747.49,13572.25,60.13,35.37,10,4
2023-10-28,63.99,272.84,2098.28,86.78,89.19,10,5
2023-10-29,45.94,224.85,12327.82,72.76,65.95,10,6
2023-10-30,72.24,679.09,13355.93,85.42,122.26,10,0
2023-10-31,65.01,417.76,6742.73,74.35,133.15,10,1
2023-11-01,62.79,483.4,8738.8,75.02,36.62,11,2
2023-11-02,78.72,624.8,11539.11,81.75,160.43,11,3
2023-11-03,54.3,348.95,2388.65,61.05,55.41,11,4
2023-11-04,81.16,637.35,11187.47,62.38,91.87,11,5
2023-11-05,44.19,193.42,3417.07,62.8,172.92,11,6
2023-11-06,65.02,78.88,5398.36,75.4,72.44,11,0
2023-11-07,74.6,392.1,7419.79,63.9,36.15,11,1
2023-11-08,59.72,490.87,1806.06,65.06,79.31,11,2
2023-11-09,46.87,143.78,7922.17,89.09,139.09,11,3
2023-11-10,69.04,364.4,3020.38,81.4,98.76,11,4
2023-11-11,81.5,712.81,7314.67,69.36,130.13,11,5
2023-11-12,87.44,712.7,2726.67,70.75,155.9,11,6
2023-11-13,65.46,366.2,9379.08,68.76,89.35,11,0
2023-11-14,47.43,179.61,1740.29,69.03,192.28,11,1
2023-11-15,66.63,331.46,5981.38,89.15,41.37,11,2
2023-11-16,66.18,440.4,11558.44,86.76,70.39,11,3
2023-11-17,53.92,635.41,3818.56,61.05,123.92,11,4
2023-11-18,51.71,514.37,3224.68,62.07,53.08,11,5
2023-11-19,72.27,263.77,4873.48,89.18,179.99,11,6
2023-11-20,77.36,116.18,9354.78,87.62,70.97,11,0
2023-11-21,71.26,352.95,9472.19,87.05,33.28,11,1
2023-11-22,75.02,340.04,3342.69,70.95,151.95,11,2
2023-11-23,53.46,255.7,7422.15,63.41,116.61,11,3
2023-11-24,83.59,542.58,7266.76,84.29,194.16,11,4
2023-11-25,34.62,247.2,8531.08,62.27,116.28,11,5
2023-11-26,89.02,374.25,5561.01,69.35,161.0,11,6
2023-11-27,85.39,691.07,8359.5,61.14,194.01,11,0
2023-11-28,43.43,592.0,10881.28,80.79,94.03,11,1
2023-11-29,58.46,235.46,4722.98,82.83,191.83,11,2
2023-11-30,58.8,605.73,10238.04,84.89,180.51,11,3
2023-12-01,53.21,482.96,4295.99,80.09,123.31,12,4
2023-12-02,50.11,434.8,5613.37,61.89,138.55,12,5
2023-12-03,80.65,426.28,4768.65,63.75,192.5,12,6
2023-12-04,42.6,81.36,5998.62,72.72,192.12,12,0
2023-12-05,85.57,498.51,4764.81,76.03,143.57,12,1
2023-12-06,51.78,107.27,5992.78,64.21,85.46,12,2
2023-12-07,56.41,352.98,5470.32,80.3,101.35,12,3
2023-12-08,66.84,126.48,6230.37,73.13,138.32,12,4
2023-12-09,44.66,96.9,4099.66,82.17,36.15,12,5
2023-12-10,32.58,102.91,1390.06,71.46,46.33,12,6
2023-12-11,56.58,355.11,3932.65,65.69,197.69,12,0
2023-12-12,47.27,110.41,3276.26,70.46,183.32,12,1
2023-12-13,63.16,326.33,3827.16,65.92,174.25,12,2
2023-12-14,39.38,170.85,4403.61,60.52,183.14,12,3
2023-12-15,31.95,73.82,4511.36,69.69,85.29,12,4
2023-12-16,43.6,412.31,3986.95,75.12,104.24,12,5
2023-12-17,59.33,346.22,3465.53,64.86,175.37,12,6
2023-12-18,31.42,97.53,2619.9,60.26,181.03,12,0
2023-12-19,75.7,463.69,6152.8,75.25,49.83,12,1
2023-12-20,84.91,473.69,5306.54,72.19,177.81,12,2
2023-12-21,32.52,489.93,6370.86,72.14,82.89,12,3
2023-12-22,63.82,72.63,1468.28,72.38,169.27,12,4
2023-12-23,59.07,386.64,7807.75,89.69,151.23,12,5
2023-12-24,57.66,332.06,4003.03,72.33,94.79,12,6
2023-12-25,68.03,377.45,6746.87,65.99,57.72,12,0
2023-12-26,65.57,394.01,4271.65,61.53,37.1,12,1
2023-12-27,86.18,496.0,2703.74,75.46,42.8,12,2
2023-12-28,77.4,340.72,5621.17,61.34,99.46,12,3
2023-12-29,69.0,361.27,5373.12,60.23,50.93,12,4
2023-12-30,73.31,327.34,4903.04,74.45,189.5,12,5
2023-12-31,72.77,129.52,1813.26,76.76,88.29,12,6
2024-01-01,56.64,630.79,4282.65,79.83,149.65,1,0
2024-01-02,84.17,377.46,3918.32,72.14,162.64,1,1
2024-01-03,36.41,605.87,9178.25,77.08,139.66,1,2
2024-01-04,59.71,426.67,7056.21,74.54,111.35,1,3
2024-01-05,75.12,388.76,2518.47,88.04,190.26,1,4
2024-01-06,89.92,686.04,2694.26,62.52,130.54,1,5
2024-01-07,62.35,662.92,5724.58,86.82,183.4,1,6
2024-01-08,79.34,199.86,9415.59,68.43,52.89,1,0
2024-01-09,89.02,120.7,8666.31,89.34,69.04,1,1
2024-01-10,85.25,497.07,2432.97,83.29,83.42,1,2
2024-01-11,31.11,116.84,1886.05,73.44,82.51,1,3
2024-01-12,43.04,682.88,4528.8,79.01,35.58,1,4
2024-01-13,54.02,264.63,11345.5,88.41,56.33,1,5
2024-01-14,43.76,399.37,1906.5,85.4,86.17,1,6
2024-01-15,60.43,98.06,5149.14,63.29,37.57,1,0
2024-01-16,40.62,377.14,2262.56,89.34,37.93,1,1
2024-01-17,52.21,749.93,9692.37,77.85,53.58,1,2
2024-01-18,59.08,294.94,10348.09,62.85,101.23,1,3
2024-01-19,78.07,330.19,11783.27,72.39,189.64,1,4
2024-01-20,31.15,163.4,3325.58,74.18,196.04,1,5
2024-01-21,63.17,670.51,6408.07,82.67,165.45,1,6
2024-01-22,87.41,145.71,8909.76,78.34,186.11,1,0
2024-01-23,33.73,364.35,4672.29,85.8,89.08,1,1
2024-01-24,54.61,587.93,4613.54,79.42,59.71,1,2
2024-01-25,38.19,134.77,1952.34,79.36,84.56,1,3
2024-01-26,57.43,517.97,3536.16,73.6,66.44,1,4
2024-01-27,66.89,727.02,11009.01,81.83,161.05,1,5
2024-01-28,73.68,197.6,3904.32,78.3,177.07,1,6
2024-01-29,62.18,115.51,11060.43,68.32,50.52,1,0
2024-01-30,86.66,154.36,6901.18,80.39,188.5,1,1
2024-01-31,60.56,587.43,11447.66,80.29,65.61,1,2
2024-02-01,68.91,132.88,8138.82,80.41,57.23,2,3
2024-02-02,57.62,431.36,14753.4,86.57,64.46,2,4
2024-02-03,83.88,368.92,8660.54,61.5,33.1,2,5
2024-02-04,56.47,289.34,9055.59,65.13,175.17,2,6
2024-02-05,40.95,497.74,13461.77,63.57,192.65,2,0
2024-02-06,69.19,538.66,14552.95,80.56,156.44,2,1
2024-02-07,69.81,725.78,9881.58,73.5,192.87,2,2
2024-02-08,74.69,539.79,11252.4,72.84,181.56,2,3
2024-02-09,85.44,217.55,6054.62,80.43,53.67,2,4
2024-02-10,80.17,617.25,12141.48,61.12,104.22,2,5
2024-02-11,61.09,647.82,4925.61,70.16,92.61,2,6
2024-02-12,69.85,382.34,6281.71,86.98,161.84,2,0
2024-02-13,85.57,121.19,9584.49,70.31,30.05,2,1
2024-02-14,64.67,780.06,5541.79,85.45,156.82,2,2
2024-02-15,50.6,253.61,10797.16,77.22,199.39,2,3
2024-02-16,33.44,272.94,14892.45,77.9,99.77,2,4
2024-02-17,47.74,731.63,7461.85,88.46,156.8,2,5
2024-02-18,79.73,675.79,14508.17,71.57,83.74,2,6
2024-02-19,30.4,112.03,14332.86,73.95,51.62,2,0
2024-02-20,66.42,640.55,5275.06,81.53,85.94,2,1
2024-02-21,87.81,725.73,8799.73,62.69,148.91,2,2
2024-02-22,35.37,433.35,14714.81,65.97,36.16,2,3
2024-02-23,35.05,341.73,9908.41,89.91,124.58,2,4
2024-02-24,55.5,921.0,8040.7,85.42,145.44,2,5
2024-02-25,74.71,600.71,3438.95,61.8,151.85,2,6
2024-02-26,85.35,214.46,3648.51,81.97,149.01,2,0
2024-02-27,34.42,768.12,3027.34,87.4,179.11,2,1
2024-02-28,47.89,327.17,4579.93,72.32,86.99,2,2
2024-02-29,68.01,346.12,4828.4,64.45,58.46,2,3
2024-03-01,73.02,960.69,10188.7,67.21,180.79,3,4
2024-03-02,38.66,780.37,14972.84,75.1,53.3,3,5
2024-03-03,82.89,800.78,4165.44,86.85,153.65,3,6
2024-03-04,64.15,327.38,13509.11,71.93,170.49,3,0
2024-03-05,58.34,968.41,14506.25,72.79,86.55,3,1
2024-03-06,60.1,132.9,11648.35,63.66,42.03,3,2
2024-03-07,84.35,765.41,11015.38,88.67,161.41,3,3
2024-03-08,77.05,613.65,12015.78,72.17,162.6,3,4
2024-03-09,48.29,791.25,8757.17,82.55,116.23,3,5
2024-03-10,39.55,429.2,8465.34,82.13,143.56,3,6
2024-03-11,63.67,621.0,12397.51,71.43,165.15,3,0
2024-03-12,74.49,832.05,13184.95,81.78,138.51,3,1
2024-03-13,72.78,663.04,11992.01,69.65,54.84,3,2
2024-03-14,81.08,665.1,9219.41,77.26,58.45,3,3
2024-03-15,65.21,578.8,2042.21,87.93,161.47,3,4
2024-03-16,45.91,641.24,9374.86,71.95,150.06,3,5
2024-03-17,30.65,307.8,2090.38,79.4,167.08,3,6
2024-03-18,89.79,203.82,3133.13,78.73,59.62,3,0
2024-03-19,49.22,824.57,5867.93,76.92,47.64,3,1
2024-03-20,83.64,112.08,3839.97,78.66,67.67,3,2
2024-03-21,84.33,149.1,10536.72,69.41,131.55,3,3
2024-03-22,76.63,761.72,3487.95,72.9,186.56,3,4
2024-03-23,79.9,362.59,6244.06,70.02,80.65,3,5
2024-03-24,35.22,654.56,3976.88,71.47,100.45,3,6
2024-03-25,53.87,609.41,8438.62,68.32,58.37,3,0
2024-03-26,34.2,577.14,15989.81,76.31,47.07,3,1
2024-03-27,56.29,528.19,4488.27,61.59,166.66,3,2
2024-03-28,76.96,995.41,9717.31,88.72,131.37,3,3
2024-03-29,49.79,839.69,4420.78,63.02,88.16,3,4
2024-03-30,66.73,775.12,4896.71,87.5,93.48,3,5
2024-03-31,73.44,776.94,2458.82,60.56,121.35,3,6
2024-04-01,32.18,848.24,12980.5,74.95,42.73,4,0
2024-04-02,77.92,605.71,9220.68,60.83,67.61,4,1
2024-04-03,60.54,517.21,14112.38,63.3,45.97,4,2
2024-04-04,50.08,263.13,9305.72,60.41,143.4,4,3
2024-04-05,31.06,359.35,8080.59,81.13,47.69,4,4
2024-04-06,75.67,416.77,11467.53,76.14,103.01,4,5
2024-04-07,58.15,765.09,13262.99,61.16,148.91,4,6
2024-04-08,68.09,337.6,13398.94,72.05,127.48,4,0
2024-04-09,52.09,452.57,11808.82,62.24,198.93,4,1
2024-04-10,46.36,895.26,3771.11,62.66,60.2,4,2
2024-04-11,60.09,271.0,4980.29,85.52,195.98,4,3
2024-04-12,56.1,619.68,7069.39,82.65,172.71,4,4
2024-04-13,68.44,243.35,11908.51,88.18,149.61,4,5
2024-04-14,35.73,496.58,8633.23,74.26,161.67,4,6
2024-04-15,67.42,483.93,13028.59,86.72,32.04,4,0
2024-04-16,58.23,576.81,13699.04,63.69,49.72,4,1
2024-04-17,62.54,223.48,5597.17,71.56,126.98,4,2
2024-04-18,48.81,651.85,12885.71,72.64,80.42,4,3
2024-04-19,67.33,653.71,4962.55,76.85,153.74,4,4
2024-04-20,47.91,812.65,9165.95,86.54,35.64,4,5
2024-04-21,51.12,533.86,8863.11,74.75,164.36,4,6
2024-04-22,49.73,718.71,14820.82,63.95,101.07,4,0
2024-04-23,61.4,430.44,3958.27,67.37,117.15,4,1
2024-04-24,87.37,759.4,10537.72,88.49,169.28,4,2
2024-04-25,63.52,518.01,2818.48,87.97,53.27,4,3
2024-04-26,54.04,744.07,4449.23,65.66,124.32,4,4
2024-04-27,83.84,732.62,5102.97,71.73,133.64,4,5
2024-04-28,30.38,701.7,9700.46,82.68,72.48,4,6
2024-04-29,77.11,886.97,5897.21,83.49,107.87,4,0
2024-04-30,68.6,428.61,3269.22,68.18,169.27,4,1
2024-05-01,66.9,403.4,2330.35,88.35,136.03,5,2
2024-05-02,69.03,618.33,3406.52,63.82,197.51,5,3
2024-05-03,66.31,640.48,2506.87,88.82,52.61,5,4
2024-05-04,72.63,241.09,3039.33,72.45,158.55,5,5
2024-05-05,61.36,463.44,8582.43,89.24,63.51,5,6
2024-05-06,53.16,639.15,3082.33,86.39,125.02,5,0
2024-05-07,56.02,678.42,10760.43,89.24,94.15,5,1
2024-05-08,30.45,598.83,5407.15,60.63,150.36,5,2
2024-05-09,61.51,727.94,7936.3,89.46,125.74,5,3
2024-05-10,49.6,179.81,10030.92,63.65,62.07,5,4
2024-05-11,65.43,508.18,8353.68,69.47,169.44,5,5
2024-05-12,36.13,210.82,11457.09,68.81,136.62,5,6
2024-05-13,33.39,542.62,6183.75,87.05,109.51,5,0
2024-05-14,87.04,391.59,9502.27,89.05,186.88,5,1
2024-05-15,53.44,730.69,7117.62,76.69,193.53,5,2
2024-05-16,74.82,120.04,1567.81,81.11,166.94,5,3
2024-05-17,65.65,374.79,7157.44,76.24,164.66,5,4
2024-05-18,54.47,516.0,3344.98,77.02,82.16,5,5
2024-05-19,51.82,202.89,3452.31,87.74,193.88,5,6
2024-05-20,56.86,748.83,6087.06,67.39,61.61,5,0
2024-05-21,88.83,263.89,11277.63,60.72,118.42,5,1
2024-05-22,37.23,699.15,8500.12,73.17,148.04,5,2
2024-05-23,48.02,323.56,5135.99,68.43,189.24,5,3
2024-05-24,51.03,392.33,9669.69,65.11,64.88,5,4
2024-05-25,31.38,685.89,4307.02,72.63,109.37,5,5
2024-05-26,40.87,272.85,4923.92,62.68,160.72,5,6
2024-05-27,77.1,581.05,10238.81,76.74,104.9,5,0
2024-05-28,43.18,399.54,7653.77,70.16,162.35,5,1
2024-05-29,80.49,480.0,2077.77,77.96,178.76,5,2
2024-05-30,69.11,178.37,10954.18,84.14,155.09,5,3
2024-05-31,72.95,268.42,10514.69,81.87,140.31,5,4
2024-06-01,38.62,487.02,6429.83,87.54,39.52,6,5
2024-06-02,86.41,490.13,3000.94,83.81,82.17,6,6
2024-06-03,42.03,231.3,4193.62,81.17,112.45,6,0
2024-06-04,80.4,442.6,2918.12,84.87,188.07,6,1
2024-06-05,87.75,77.5,2295.17,78.85,190.75,6,2
2024-06-06,49.6,154.41,6850.75,73.52,198.46,6,3
2024-06-07,31.84,492.05,6395.2,63.49,109.34,6,4
2024-06-08,89.75,382.72,4655.42,61.16,77.96,6,5
2024-06-09,35.48,86.7,2918.14,66.82,60.48,6,6
2024-06-10,68.12,473.26,4413.72,63.77,90.91,6,0
2024-06-11,39.56,268.8,3789.36,77.9,110.05,6,1
2024-06-12,39.55,265.28,5851.97,81.29,51.86,6,2
2024-06-13,33.21,176.51,5668.92,82.61,188.3,6,3
2024-06-14,66.76,313.36,6764.47,72.53,183.08,6,4
2024-06-15,40.09,94.01,1188.64,77.9,136.11,6,5
2024-06-16,74.81,203.74,6805.66,64.41,75.79,6,6
2024-06-17,65.0,470.34,5115.22,78.38,181.16,6,0
2024-06-18,89.14,404.74,3211.82,85.09,98.32,6,1
2024-06-19,50.36,166.0,3181.14,84.49,181.64,6,2
2024-06-20,52.84,170.2,2749.21,82.14,81.34,6,3
2024-06-21,54.19,79.37,3054.91,88.01,156.38,6,4
2024-06-22,64.77,389.38,7848.18,66.19,143.22,6,5
2024-06-23,38.41,312.26,2322.14,81.37,83.19,6,6
2024-06-24,70.42,286.78,1680.06,62.64,110.49,6,0
2024-06-25,72.86,495.67,1334.01,61.76,188.96,6,1
2024-06-26,84.28,191.02,2863.69,76.65,170.31,6,2
2024-06-27,53.18,211.7,7811.55,65.83,113.84,6,3
2024-06-28,47.7,182.34,7919.6,70.46,129.52,6,4
2024-06-29,74.43,356.0,2002.81,63.55,192.12,6,5
2024-06-30,41.03,350.38,7656.12,69.33,173.89,6,6
2024-07-01,51.05,151.16,9040.04,87.2,34.23,7,0
2024-07-02,49.41,182.47,5375.2,61.68,143.51,7,1
2024-07-03,46.63,602.28,4460.09,66.04,152.35,7,2
2024-07-04,56.19,743.72,6841.57,61.13,39.15,7,3
2024-07-05,67.04,332.36,6211.57,63.62,121.65,7,4
2024-07-06,43.7,288.47,9446.14,69.15,163.85,7,5
2024-07-07,32.1,250.12,10462.87,78.73,116.11,7,6
2024-07-08,83.81,749.14,8726.58,84.43,70.49,7,0
2024-07-09,61.72,213.07,4393.07,67.77,92.26,7,1
2024-07-10,34.93,315.84,10449.17,78.85,33.89,7,2
2024-07-11,77.1,183.92,4019.87,61.57,190.92,7,3
2024-07-12,62.04,112.68,6218.77,83.77,162.77,7,4
2024-07-13,58.35,390.03,11024.5,63.91,134.48,7,5
2024-07-14,87.3,303.42,10228.23,62.59,154.26,7,6
2024-07-15,86.13,181.4,5700.67,72.54,180.75,7,0
2024-07-16,79.46,163.35,9635.86,78.9,162.06,7,1
2024-07-17,72.13,614.93,5991.22,69.78,111.13,7,2
2024-07-18,40.55,139.95,8167.04,63.6,108.58,7,3
2024-07-19,74.38,333.74,3918.76,86.95,174.41,7,4
2024-07-20,47.07,729.85,4883.8,64.49,171.05,7,5
2024-07-21,83.45,128.91,7003.93,72.45,32.03,7,6
2024-07-22,41.54,392.27,6339.07,87.53,71.75,7,0
2024-07-23,84.47,182.52,4337.77,62.02,125.92,7,1
2024-07-24,52.83,670.44,8717.79,87.89,158.73,7,2
2024-07-25,69.95,514.86,6877.38,61.3,132.65,7,3
2024-07-26,37.1,645.99,2593.54,89.88,96.89,7,4
2024-07-27,48.55,123.69,5441.62,71.66,142.62,7,5
2024-07-28,80.6,367.43,11860.46,85.04,61.96,7,6
2024-07-29,76.84,414.53,10140.57,81.19,100.56,7,0
2024-07-30,43.66,235.01,8003.4,68.1,197.51,7,1
2024-07-31,30.38,679.3,10404.55,82.92,102.0,7,2
2024-08-01,64.43,852.27,7786.61,83.86,138.64,8,3
2024-08-02,71.09,229.98,11318.48,79.16,187.01,8,4
2024-08-03,68.37,743.41,7582.92,81.69,99.23,8,5
2024-08-04,57.68,141.14,3349.26,87.6,152.82,8,6
2024-08-05,61.21,490.9,13331.78,84.1,124.17,8,0
2024-08-06,38.03,920.49,9046.87,70.41,92.59,8,1
2024-08-07,50.88,549.94,4260.08,84.36,82.86,8,2
2024-08-08,81.56,93.67,14246.71,72.55,189.76,8,3
2024-08-09,51.37,413.42,7766.93,87.4,112.84,8,4
2024-08-10,54.43,735.72,6904.22,62.97,171.15,8,5
2024-08-11,47.87,636.4,11972.31,81.28,60.73,8,6
2024-08-12,58.79,417.36,5933.87,88.92,94.27,8,0
2024-08-13,35.71,318.0,6265.31,88.49,55.92,8,1
2024-08-14,32.52,725.62,10607.21,87.32,117.7,8,2
2024-08-15,88.09,751.93,9134.54,70.75,176.5,8,3
2024-08-16,51.83,362.83,3684.33,76.11,195.02,8,4
2024-08-17,73.88,823.18,4184.25,80.83,34.43,8,5
2024-08-18,32.34,789.55,8309.29,69.42,199.46,8,6
2024-08-19,47.47,498.79,13808.06,70.11,106.57,8,0
2024-08-20,82.27,911.9,12349.3,74.78,189.95,8,1
2024-08-21,86.81,269.43,5918.47,83.8,157.06,8,2
2024-08-22,30.2,866.66,6636.63,69.65,170.32,8,3
2024-08-23,82.76,846.21,12910.53,65.84,143.39,8,4
2024-08-24,77.0,852.03,3370.9,76.97,172.91,8,5
2024-08-25,82.11,277.04,5118.62,64.85,149.83,8,6
2024-08-26,80.37,149.63,13831.8,62.57,112.27,8,0
2024-08-27,62.33,719.76,3136.91,76.01,83.46,8,1
2024-08-28,75.13,721.06,8330.42,79.61,187.87,8,2
2024-08-29,70.06,805.44,14736.32,86.93,54.34,8,3
2024-08-30,46.35,807.36,14818.71,67.92,172.04,8,4
2024-08-31,83.79,874.61,9095.55,78.34,102.78,8,5
2024-09-01,32.04,565.93,8672.42,89.91,195.32,9,6
2024-09-02,69.02,512.49,4147.19,66.91,66.3,9,0
2024-09-03,35.28,782.3,12562.73,65.39,68.95,9,1
2024-09-04,78.31,142.29,13979.94,64.14,61.65,9,2
2024-09-05,76.51,837.69,9615.28,81.21,32.13,9,3
2024-09-06,68.87,139.96,8560.7,76.88,36.62,9,4
2024-09-07,63.78,287.62,5152.04,60.97,198.42,9,5
2024-09-08,41.32,422.91,14092.77,85.41,98.77,9,6
2024-09-09,46.26,277.15,2053.66,65.63,55.35,9,0
2024-09-10,51.16,353.78,13797.43,63.15,101.64,9,1
2024-09-11,30.26,234.51,5567.01,74.23,126.41,9,2
2024-09-12,75.5,431.33,5885.73,64.14,48.62,9,3
2024-09-13,67.4,687.02,14923.7,78.79,53.49,9,4
2024-09-14,30.72,822.71,12262.42,86.65,59.65,9,5
2024-09-15,66.86,102.11,13748.08,60.1,36.85,9,6
2024-09-16,64.65,707.0,12915.23,71.71,167.3,9,0
2024-09-17,84.76,500.37,15590.17,82.42,179.02,9,1
2024-09-18,30.23,178.01,2928.25,78.68,83.88,9,2
2024-09-19,39.83,498.56,10352.31,68.73,145.86,9,3
2024-09-20,57.33,185.16,11078.1,81.37,101.36,9,4
2024-09-21,84.47,655.46,13433.57,87.93,55.63,9,5
2024-09-22,60.83,424.1,13526.3,65.44,147.79,9,6
2024-09-23,34.13,564.9,6184.1,63.07,186.83,9,0
2024-09-24,38.68,742.88,10752.6,71.57,158.97,9,1
2024-09-25,30.04,285.16,11511.53,89.25,85.68,9,2
2024-09-26,53.04,304.92,9033.35,69.26,174.82,9,3
2024-09-27,59.73,698.93,3745.78,80.15,74.98,9,4
2024-09-28,30.33,555.41,12779.4,66.59,198.91,9,5
2024-09-29,50.27,740.58,9149.29,67.97,65.01,9,6
2024-09-30,47.68,629.93,13878.81,63.97,123.85,9,0
2024-10-01,40.81,655.4,3969.55,77.83,71.6,10,1
2024-10-02,58.85,754.32,10363.5,75.68,157.97,10,2
2024-10-03,61.92,139.69,7267.52,80.32,83.12,10,3
2024-10-04,48.2,789.91,8280.63,68.41,134.07,10,4
2024-10-05,59.92,198.91,13290.83,80.55,47.59,10,5
2024-10-06,61.06,577.88,3027.64,75.08,130.47,10,6
2024-10-07,47.15,722.02,12718.71,88.98,61.08,10,0
2024-10-08,69.32,893.43,12305.14,74.66,42.26,10,1
2024-10-09,76.52,893.06,8008.01,75.97,195.29,10,2
2024-10-10,59.93,555.14,5697.86,74.29,179.52,10,3
2024-10-11,89.01,787.78,9502.15,77.3,57.32,10,4
2024-10-12,60.26,311.04,4295.71,86.94,102.92,10,5
2024-10-13,80.53,468.87,10313.86,77.99,190.44,10,6
2024-10-14,55.71,825.79,7320.77,65.77,119.69,10,0
2024-10-15,55.22,498.41,12878.9,63.79,190.14,10,1
2024-10-16,85.12,99.76,3885.15,65.3,45.16,10,2
2024-10-17,66.84,674.69,13714.0,86.7,131.68,10,3
2024-10-18,56.88,415.02,11190.96,78.1,79.19,10,4
2024-10-19,32.67,478.73,14008.98,87.91,61.68,10,5
2024-10-20,88.44,178.24,10211.41,89.11,138.67,10,6
2024-10-21,38.38,416.53,2138.29,70.77,156.43,10,0
2024-10-22,62.29,391.96,8243.63,73.16,72.18,10,1
2024-10-23,64.83,802.81,4561.47,70.96,157.6,10,2
2024-10-24,41.51,738.26,10212.12,68.15,134.42,10,3
2024-10-25,69.92,167.57,3083.78,63.54,166.3,10,4
2024-10-26,51.97,635.39,12128.43,71.36,187.31,10,5
2024-10-27,38.73,551.5,9194.11,75.81,135.79,10,6
2024-10-28,82.14,813.38,13097.93,65.28,187.07,10,0
2024-10-29,69.07,281.39,5389.24,64.15,66.42,10,1
2024-10-30,37.36,367.14,7525.54,73.53,71.27,10,2
2024-10-31,43.84,782.01,4428.4,71.19,147.86,10,3
2024-11-01,60.05,108.95,9115.76,86.92,161.18,11,4
2024-11-02,80.27,90.51,9061.2,61.98,133.35,11,5
2024-11-03,47.69,252.7,2430.91,69.79,131.39,11,6
2024-11-04,83.27,480.98,9941.74,61.7,127.24,11,0
2024-11-05,87.13,216.69,4120.31,86.88,44.67,11,1
2024-11-06,53.16,405.4,4215.47,78.94,178.52,11,2
2024-11-07,82.38,108.91,7751.39,82.26,63.59,11,3
2024-11-08,77.82,350.07,2344.09,63.29,93.01,11,4
2024-11-09,71.99,404.18,8868.94,76.47,129.25,11,5
2024-11-10,74.33,187.23,10525.68,81.0,74.78,11,6
2024-11-11,54.62,118.77,5085.68,64.38,81.66,11,0
2024-11-12,88.28,420.04,10287.79,77.08,191.43,11,1
2024-11-13,57.0,388.07,9609.7,65.59,165.43,11,2
2024-11-14,53.3,513.11,1790.4,85.8,132.26,11,3
2024-11-15,41.29,585.2,1918.57,60.64,138.67,11,4
2024-11-16,89.31,153.03,5865.91,89.81,124.58,11,5
2024-11-17,82.08,475.74,6555.55,68.46,39.81,11,6
2024-11-18,85.61,104.42,5205.06,89.57,157.38,11,0
2024-11-19,49.33,719.48,4466.89,79.51,30.96,11,1
2024-11-20,33.95,333.83,9126.87,60.86,188.7,11,2
2024-11-21,84.01,331.5,3778.29,76.81,154.71,11,3
2024-11-22,68.69,648.03,11667.31,75.27,58.09,11,4
2024-11-23,67.29,320.23,1682.64,81.32,141.82,11,5
2024-11-24,55.2,207.01,2862.28,67.21,149.58,11,6
2024-11-25,43.06,711.55,4100.51,72.78,197.27,11,0
2024-11-26,74.81,128.15,4991.38,68.29,35.47,11,1
2024-11-27,69.54,254.33,1904.57,74.45,31.03,11,2
2024-11-28,61.5,331.43,4893.78,76.42,44.01,11,3
2024-11-29,57.37,260.68,2391.58,80.53,132.16,11,4
2024-11-30,77.86,210.07,10502.87,75.05,120.85,11,5
2024-12-01,63.3,459.34,5716.54,77.66,73.3,12,6
2024-12-02,70.19,397.2,5211.01,79.35,105.43,12,0
2024-12-03,88.16,149.48,6534.6,60.13,41.81,12,1
2024-12-04,68.81,334.81,6824.07,85.46,101.67,12,2
2024-12-05,40.27,292.09,1131.15,74.17,183.59,12,3
2024-12-06,76.59,396.82,7310.38,78.89,143.51,12,4
2024-12-07,82.95,124.01,5894.25,82.17,128.28,12,5
2024-12-08,87.84,431.79,6490.96,85.69,198.46,12,6
2024-12-09,85.95,344.3,3106.85,87.69,80.39,12,0
2024-12-10,65.21,79.84,6934.73,69.75,89.21,12,1
2024-12-11,52.29,102.66,6311.69,69.17,90.43,12,2
2024-12-12,86.27,176.21,5903.03,68.17,48.95,12,3
2024-12-13,79.33,201.61,3310.76,68.72,155.27,12,4
2024-12-14,30.01,349.79,5022.9,61.78,100.1,12,5
2024-12-15,44.95,478.58,3447.71,82.51,76.65,12,6
2024-12-16,62.97,74.12,7614.19,88.98,43.95,12,0
2024-12-17,81.37,153.74,5259.16,61.44,142.03,12,1
2024-12-18,30.47,188.47,7423.65,88.51,76.28,12,2
2024-12-19,82.18,413.63,6959.4,63.17,126.36,12,3
2024-12-20,67.51,292.38,3516.61,67.63,75.94,12,4
2024-12-21,66.03,131.85,2331.24,65.11,62.9,12,5
2024-12-22,36.93,492.47,2906.37,87.85,73.18,12,6
2024-12-23,35.6,232.03,5224.7,85.15,179.5,12,0
2024-12-24,70.54,145.36,3675.53,81.01,67.98,12,1
2024-12-25,42.9,407.69,1434.34,73.26,164.7,12,2
2024-12-26,42.45,205.37,7491.15,88.9,188.59,12,3
2024-12-27,68.34,141.61,4721.72,87.5,168.41,12,4
2024-12-28,71.01,354.06,3018.95,89.84,54.21,12,5
2024-12-29,81.45,473.77,2287.87,76.03,179.41,12,6
2024-12-30,46.76,110.44,1759.69,67.23,150.89,12,0
2024-12-31,59.31,124.19,3970.05,72.26,135.83,12,1
